-- MySQL dump 10.13  Distrib 8.0.40, for Win64 (x86_64)
--
-- Host: 127.0.0.1    Database: mundo_pirata
-- ------------------------------------------------------
-- Server version	8.0.44

/*!40101 SET @OLD_CHARACTER_SET_CLIENT=@@CHARACTER_SET_CLIENT */;
/*!40101 SET @OLD_CHARACTER_SET_RESULTS=@@CHARACTER_SET_RESULTS */;
/*!40101 SET @OLD_COLLATION_CONNECTION=@@COLLATION_CONNECTION */;
/*!50503 SET NAMES utf8 */;
/*!40103 SET @OLD_TIME_ZONE=@@TIME_ZONE */;
/*!40103 SET TIME_ZONE='+00:00' */;
/*!40014 SET @OLD_UNIQUE_CHECKS=@@UNIQUE_CHECKS, UNIQUE_CHECKS=0 */;
/*!40014 SET @OLD_FOREIGN_KEY_CHECKS=@@FOREIGN_KEY_CHECKS, FOREIGN_KEY_CHECKS=0 */;
/*!40101 SET @OLD_SQL_MODE=@@SQL_MODE, SQL_MODE='NO_AUTO_VALUE_ON_ZERO' */;
/*!40111 SET @OLD_SQL_NOTES=@@SQL_NOTES, SQL_NOTES=0 */;

USE mundo_pirata;

--
-- Table structure for table `calendar`
--

DROP TABLE IF EXISTS `calendar`;
/*!40101 SET @saved_cs_client     = @@character_set_client */;
/*!50503 SET character_set_client = utf8mb4 */;
CREATE TABLE `calendar` (
  `id` bigint NOT NULL AUTO_INCREMENT,
  `title` varchar(200) CHARACTER SET utf8mb4 COLLATE utf8mb4_unicode_ci NOT NULL,
  `detail` text CHARACTER SET utf8mb4 COLLATE utf8mb4_unicode_ci,
  `author_id` bigint NOT NULL,
  `date` date NOT NULL,
  `event_type_id` bigint NOT NULL,
  `state` tinyint(1) DEFAULT '1',
  `created_at` timestamp NULL DEFAULT CURRENT_TIMESTAMP,
  `updated_at` timestamp NULL DEFAULT CURRENT_TIMESTAMP ON UPDATE CURRENT_TIMESTAMP,
  PRIMARY KEY (`id`),
  KEY `author_id` (`author_id`),
  KEY `event_type_id` (`event_type_id`),
  KEY `idx_calendar_date` (`date`),
  CONSTRAINT `calendar_ibfk_1` FOREIGN KEY (`author_id`) REFERENCES `users` (`id`),
  CONSTRAINT `calendar_ibfk_2` FOREIGN KEY (`event_type_id`) REFERENCES `event_types` (`id`)
) ENGINE=InnoDB AUTO_INCREMENT=47 DEFAULT CHARSET=utf8mb4 COLLATE=utf8mb4_unicode_ci;
/*!40101 SET character_set_client = @saved_cs_client */;

--
-- Dumping data for table `calendar`
--

LOCK TABLES `calendar` WRITE;
/*!40000 ALTER TABLE `calendar` DISABLE KEYS */;
INSERT INTO `calendar` VALUES (2,'Conferencia de prensa DT','Rueda de prensa del entrenador previa al partido del domingo',1,'2025-06-13',3,1,'2025-06-12 03:48:03','2025-06-12 03:48:03'),(3,'Entrenamiento abierto','Los socios podrán presenciar la práctica del primer equipo',1,'2025-06-14',4,1,'2025-06-12 03:48:03','2025-06-12 03:48:03'),(4,'Asamblea General Ordinaria','Asamblea anual de socios en el salón principal del club',1,'2025-06-20',5,1,'2025-06-12 03:48:03','2025-06-12 03:48:03'),(5,'Peña Pirata - Encuentro Mensual','Reunión de la Peña Pirata en la sede de barrio Alberdi',1,'2025-06-25',2,1,'2025-06-12 03:48:03','2025-06-25 00:13:43'),(6,'Fiesta Pirata','Fiesta en el gigante de Alberdi.',9,'2025-06-26',2,1,'2025-06-25 00:38:23','2025-06-25 00:38:23'),(7,'? 119° Aniversario de Belgrano','Conmemoración de la fundación del Club Atlético Belgrano. El 19 de marzo de 1905 nació el Pirata en el barrio Alberdi de Córdoba. ¡Una fecha para celebrar nuestra historia celeste!',1,'2024-03-19',6,1,'2025-06-27 05:29:05','2025-06-27 05:29:05'),(8,'⚽ Día del Ascenso Histórico vs River','Fecha histórica: 26 de junio de 2011. Belgrano venció a River Plate y logró el ascenso a Primera División mientras River descendía por primera vez en su historia. ¡El día que el Pirata hizo historia!',1,'2024-06-26',6,1,'2025-06-27 05:29:05','2025-06-27 05:29:05'),(9,'? Campeón del Torneo Regional 1986','Recordamos el 20 de abril de 1986, cuando Belgrano conquistó su primer título oficial de AFA: el Torneo Regional. Un momento histórico para el Pirata cordobés.',1,'2024-04-20',6,1,'2025-06-27 05:29:05','2025-06-27 05:29:05'),(10,'? Regreso a Primera División','Celebramos el regreso de Belgrano a Primera División tras ganar la Primera Nacional 2022. El Pirata volvió a la máxima categoría después de años de lucha.',1,'2024-12-11',6,1,'2025-06-27 05:29:05','2025-06-27 05:29:05'),(11,'? Día del Hincha Pirata','Día especial dedicado a todos los hinchas de Belgrano. La Banda del Pirata es reconocida como una de las más fieles del fútbol argentino. ¡Vamos Belgrano carajo!',1,'2024-04-01',6,1,'2025-06-27 05:29:05','2025-06-27 05:29:05'),(12,'?️ Aniversario del Estadio','Recordamos la inauguración de nuestro querido estadio Julio César Villagra el 21 de septiembre de 1940. La casa del Pirata en el barrio Alberdi.',1,'2024-09-21',6,1,'2025-06-27 05:29:05','2025-06-27 05:29:05'),(13,'⚔️ Derby Cordobés - Fecha Especial','Recordamos los grandes clásicos contra Talleres. La rivalidad más importante del fútbol cordobés que divide a la provincia en dos colores.',1,'2024-05-15',6,1,'2025-06-27 05:29:05','2025-06-27 05:29:05'),(14,'? 120° Aniversario de Belgrano','120° Aniversario de la fundación del Club Atlético Belgrano. Celebración especial por los 120 años de historia pirata.',1,'2025-03-19',6,1,'2025-06-27 05:29:05','2025-06-27 05:29:05'),(15,'⚽ 14° Aniversario del Ascenso Histórico','14° Aniversario del histórico ascenso vs River Plate. Una fecha que quedó grabada para siempre en la historia del fútbol argentino.',1,'2025-06-26',6,1,'2025-06-27 05:29:05','2025-06-27 05:29:05'),(19,'Belgrano vs San Lorenzo','Duelo de tradición. Liga Profesional 2025 - Fecha 28. Dos equipos históricos del fútbol argentino.',1,'2025-09-01',1,1,'2025-06-27 05:29:05','2025-06-27 05:29:05'),(21,'Presentación de refuerzos 2025','Presentación oficial de los nuevos refuerzos para la segunda mitad del año. Conferencia de prensa con la dirigencia y firma de contratos en la sede del club.',1,'2025-07-10',3,1,'2025-06-27 05:29:05','2025-06-27 05:29:05'),(22,'Festival Pirata 2025','Cuarta edición del Festival Pirata con shows en vivo, actividades familiares y gastronomía. En los predios del club desde las 14:00 horas.',1,'2025-07-20',2,1,'2025-06-27 05:29:05','2025-06-27 05:29:05'),(23,'Entrenamiento abierto pre-Derby','Práctica abierta al público previa al Derby Cordobés. Los socios podrán ingresar gratuitamente y alentar al plantel.',1,'2025-08-14',4,1,'2025-06-27 05:29:05','2025-06-27 05:29:05'),(25,'Asamblea Extraordinaria','Asamblea extraordinaria para tratar temas relacionados con las obras del estadio y el presupuesto 2026.',1,'2025-09-10',5,1,'2025-06-27 05:29:05','2025-06-27 05:29:05'),(27,'Belgrano vs Instituto','Partido de Liga Profesional en el Gigante de Alberdi. Belgrano recibe a Instituto.',1,'2025-06-30',1,1,'2025-06-27 09:48:48','2025-06-27 09:48:48'),(28,'Belgrano vs Argentinos Juniors','Partido de Liga Profesional en el Gigante de Alberdi. Belgrano recibe a Argentinos Juniors.',1,'2025-08-28',1,1,'2025-06-27 10:00:02','2025-06-27 10:00:02'),(29,'Belgrano vs River Plate','Partido de Liga Profesional en el Gigante de Alberdi. Belgrano recibe a River Plate.',1,'2025-07-24',1,1,'2025-06-27 10:04:04','2025-06-27 10:04:04'),(30,'Belgrano vs Talleres','Partido de Liga Profesional en el Gigante de Alberdi. Belgrano recibe a Talleres.',1,'2025-09-30',1,1,'2025-06-27 10:19:33','2025-06-27 10:19:33'),(32,'Belgrano vs Boca Juniors','Partido de Liga Profesional en el Gigante de Alberdi. Belgrano recibe a Boca Juniors.',1,'2025-08-30',1,1,'2025-06-27 22:35:34','2025-06-27 22:35:34'),(33,'Belgrano vs Huracán','Partido de Liga Profesional en el Gigante de Alberdi. Belgrano recibe a Huracán.',1,'2025-07-30',1,1,'2025-06-27 22:36:04','2025-06-27 22:36:04'),(35,'Belgrano vs Unión','Partido de Liga Profesional en el Gigante de Alberdi. Belgrano recibe a Unión.',1,'2025-06-28',1,1,'2025-06-27 23:17:31','2025-06-27 23:17:31'),(36,'Belgrano vs Newell\'s Old Boys','Partido de Liga Profesional en el Gigante de Alberdi. Belgrano recibe a Newell\'s Old Boys.',1,'2025-07-01',1,1,'2025-06-28 19:48:22','2025-06-28 19:48:22'),(37,'Belgrano vs Boca Juniors','Partido de Liga Profesional en el Gigante de Alberdi. Belgrano recibe a Boca Juniors.',1,'2025-07-18',1,1,'2025-07-18 01:56:21','2025-07-18 01:56:21'),(38,'Belgrano vs Instituto','Partido de Liga Profesional en el Gigante de Alberdi. Belgrano recibe a Instituto.',1,'2025-12-06',1,1,'2025-11-28 23:24:58','2025-11-28 23:24:58'),(39,'Belgrano vs Talleres','Partido de Liga Profesional en el Gigante de Alberdi. Belgrano recibe a Talleres.',1,'2025-12-10',1,1,'2025-11-28 23:32:40','2025-11-28 23:32:40'),(40,'Hola','COnferencia',9,'2025-12-12',3,1,'2025-12-06 00:09:00','2025-12-06 00:09:00'),(41,'Belgrano vs Independiente Rivadavia','Partido de Liga Profesional en el Gigante de Alberdi. Belgrano recibe a Independiente Rivadavia.',1,'2025-12-23',1,1,'2025-12-06 00:09:47','2025-12-06 00:09:47'),(42,'Belgrano vs Vélez Sarsfield','Partido de Liga Profesional en el Gigante de Alberdi. Belgrano recibe a Vélez Sarsfield.',1,'2025-12-16',1,1,'2025-12-06 00:13:02','2025-12-06 00:13:02'),(44,'Belgrano vs Talleres','Partido de Liga Profesional en el Gigante de Alberdi. Belgrano recibe a Talleres.',1,'2026-01-09',1,1,'2026-01-07 03:56:52','2026-01-07 03:56:52'),(45,'Belgrano vs Instituto','Partido de Liga Profesional en el Gigante de Alberdi. Belgrano recibe a Instituto.',1,'2026-01-21',1,1,'2026-01-07 03:57:20','2026-01-07 03:57:20'),(46,'Belgrano vs Boca Juniors','Partido de Liga Profesional en el Gigante de Alberdi. Belgrano recibe a Boca Juniors.',1,'2026-01-30',1,1,'2026-01-07 03:58:26','2026-01-07 03:58:26');
/*!40000 ALTER TABLE `calendar` ENABLE KEYS */;
UNLOCK TABLES;

--
-- Table structure for table `destinations`
--

DROP TABLE IF EXISTS `destinations`;
/*!40101 SET @saved_cs_client     = @@character_set_client */;
/*!50503 SET character_set_client = utf8mb4 */;
CREATE TABLE `destinations` (
  `id` bigint NOT NULL AUTO_INCREMENT,
  `name` varchar(100) CHARACTER SET utf8mb4 COLLATE utf8mb4_unicode_ci NOT NULL,
  `address` text CHARACTER SET utf8mb4 COLLATE utf8mb4_unicode_ci,
  `phone_number` varchar(20) CHARACTER SET utf8mb4 COLLATE utf8mb4_unicode_ci DEFAULT NULL,
  `state` tinyint(1) DEFAULT '1',
  PRIMARY KEY (`id`)
) ENGINE=InnoDB AUTO_INCREMENT=7 DEFAULT CHARSET=utf8mb4 COLLATE=utf8mb4_unicode_ci;
/*!40101 SET character_set_client = @saved_cs_client */;

--
-- Dumping data for table `destinations`
--

LOCK TABLES `destinations` WRITE;
/*!40000 ALTER TABLE `destinations` DISABLE KEYS */;
INSERT INTO `destinations` VALUES (1,'Escuela de Fútbol Infantil','Predio del Club - Av. Las Heras 2000','0351-4567890',1),(2,'Sede Social Alberdi','Barrio Alberdi - Calle San Martín 1500','0351-4567891',1),(3,'Proyecto Deporte Inclusivo','Centro de Entrenamiento - Av. Circunvalación','0351-4567892',1),(4,'Biblioteca del Club','Sede Central - Av. Las Heras 2000','0351-4567893',1),(5,'Comedor Piratas Solidarios','','3516115776',1),(6,'Utn','utn','3516115776',1);
/*!40000 ALTER TABLE `destinations` ENABLE KEYS */;
UNLOCK TABLES;

--
-- Table structure for table `donations`
--

DROP TABLE IF EXISTS `donations`;
/*!40101 SET @saved_cs_client     = @@character_set_client */;
/*!50503 SET character_set_client = utf8mb4 */;
CREATE TABLE `donations` (
  `id` bigint NOT NULL AUTO_INCREMENT,
  `user_id` bigint NOT NULL,
  `destination_id` bigint NOT NULL,
  `amount` decimal(10,2) NOT NULL,
  `donation_date` datetime DEFAULT CURRENT_TIMESTAMP,
  `payment_method` varchar(50) CHARACTER SET utf8mb4 COLLATE utf8mb4_unicode_ci DEFAULT 'Mercado Pago',
  `payment_id` varchar(100) CHARACTER SET utf8mb4 COLLATE utf8mb4_unicode_ci DEFAULT NULL,
  `purchase_state` enum('pending','approved','rejected','cancelled') CHARACTER SET utf8mb4 COLLATE utf8mb4_unicode_ci DEFAULT 'pending',
  `created_at` timestamp NULL DEFAULT CURRENT_TIMESTAMP,
  `updated_at` timestamp NULL DEFAULT CURRENT_TIMESTAMP ON UPDATE CURRENT_TIMESTAMP,
  PRIMARY KEY (`id`),
  KEY `destination_id` (`destination_id`),
  KEY `idx_donations_user` (`user_id`),
  CONSTRAINT `donations_ibfk_1` FOREIGN KEY (`user_id`) REFERENCES `users` (`id`),
  CONSTRAINT `donations_ibfk_2` FOREIGN KEY (`destination_id`) REFERENCES `destinations` (`id`)
) ENGINE=InnoDB AUTO_INCREMENT=61 DEFAULT CHARSET=utf8mb4 COLLATE=utf8mb4_unicode_ci;
/*!40101 SET character_set_client = @saved_cs_client */;

--
-- Dumping data for table `donations`
--

LOCK TABLES `donations` WRITE;
/*!40000 ALTER TABLE `donations` DISABLE KEYS */;
INSERT INTO `donations` VALUES (1,2,1,5000.00,'2025-06-12 00:48:03','Mercado Pago','MP_DON_001','approved','2025-06-12 03:48:03','2025-06-12 03:48:03'),(2,3,2,10000.00,'2025-06-12 00:48:03','Mercado Pago','MP_DON_002','approved','2025-06-12 03:48:03','2025-06-12 03:48:03'),(3,4,3,15000.00,'2025-06-12 00:48:03','Mercado Pago','MP_DON_003','pending','2025-06-12 03:48:03','2025-06-12 03:48:03'),(4,5,1,7500.00,'2025-06-12 00:48:03','Mercado Pago','MP_DON_004','approved','2025-06-12 03:48:03','2025-06-12 03:48:03'),(5,1,1,5000.00,'2025-06-19 05:14:46','Mercado Pago',NULL,'pending','2025-06-19 08:14:46','2025-06-19 08:14:46'),(6,1,1,3000.00,'2025-06-20 02:33:23','Mercado Pago',NULL,'pending','2025-06-20 05:33:23','2025-06-20 05:33:23'),(7,1,1,3000.00,'2025-06-20 02:33:55','Mercado Pago',NULL,'pending','2025-06-20 05:33:55','2025-06-20 05:33:55'),(8,10,1,1000.00,'2025-06-25 04:32:16','Mercado Pago',NULL,'pending','2025-06-25 07:32:16','2025-06-25 07:32:16'),(9,10,1,500.00,'2025-06-25 04:33:05','Transferencia',NULL,'pending','2025-06-25 07:33:05','2025-06-25 07:33:05'),(10,9,1,1000.00,'2025-06-25 04:59:42','Mercado Pago',NULL,'pending','2025-06-25 07:59:42','2025-06-25 07:59:42'),(11,9,2,500.00,'2025-06-25 05:04:04','Mercado Pago',NULL,'pending','2025-06-25 08:04:04','2025-06-25 08:04:04'),(12,9,2,1000.00,'2025-06-25 05:07:04','Mercado Pago',NULL,'pending','2025-06-25 08:07:04','2025-06-25 08:07:04'),(13,9,1,500.00,'2025-06-25 05:18:42','Mercado Pago',NULL,'pending','2025-06-25 08:18:42','2025-06-25 08:18:42'),(14,9,3,500.00,'2025-06-25 05:19:51','Mercado Pago',NULL,'pending','2025-06-25 08:19:51','2025-06-25 08:19:51'),(15,9,3,1000.00,'2025-06-25 05:23:16','Mercado Pago',NULL,'pending','2025-06-25 08:23:16','2025-06-25 08:23:16'),(16,9,2,500.00,'2025-06-25 05:24:56','Mercado Pago',NULL,'pending','2025-06-25 08:24:56','2025-06-25 08:24:56'),(17,9,1,500.00,'2025-06-25 05:31:36','Mercado Pago',NULL,'pending','2025-06-25 08:31:36','2025-06-25 08:31:36'),(18,9,1,500.00,'2025-06-25 05:31:46','Mercado Pago',NULL,'pending','2025-06-25 08:31:46','2025-06-25 08:31:46'),(19,9,1,500.00,'2025-06-25 05:34:30','Mercado Pago',NULL,'pending','2025-06-25 08:34:30','2025-06-25 08:34:30'),(20,9,1,500.00,'2025-06-25 05:39:14','Mercado Pago',NULL,'pending','2025-06-25 08:39:14','2025-06-25 08:39:14'),(21,9,1,500.00,'2025-06-25 05:43:03','Mercado Pago',NULL,'pending','2025-06-25 08:43:03','2025-06-25 08:43:03'),(22,9,1,500.00,'2025-06-25 05:45:19','Mercado Pago',NULL,'pending','2025-06-25 08:45:19','2025-06-25 08:45:19'),(23,9,1,1000.00,'2025-06-25 05:49:48','Mercado Pago',NULL,'pending','2025-06-25 08:49:48','2025-06-25 08:49:48'),(24,9,4,1000.00,'2025-06-25 05:55:10','Mercado Pago',NULL,'pending','2025-06-25 08:55:10','2025-06-25 08:55:10'),(25,9,2,500.00,'2025-06-25 06:01:19','Mercado Pago',NULL,'pending','2025-06-25 09:01:19','2025-06-25 09:01:19'),(26,9,1,2500.00,'2025-06-25 06:28:03','Mercado Pago',NULL,'pending','2025-06-25 09:28:03','2025-06-25 09:28:03'),(27,9,1,500.00,'2025-06-25 06:30:29','Mercado Pago',NULL,'pending','2025-06-25 09:30:29','2025-06-25 09:30:29'),(28,9,4,1000.00,'2025-06-25 07:14:36','Mercado Pago',NULL,'pending','2025-06-25 10:14:36','2025-06-25 10:14:36'),(29,9,2,1000.00,'2025-06-27 03:10:30','Mercado Pago',NULL,'pending','2025-06-27 06:10:30','2025-06-27 06:10:30'),(30,9,2,500.00,'2025-06-27 04:02:49','Mercado Pago',NULL,'pending','2025-06-27 07:02:49','2025-06-27 07:02:49'),(31,9,1,10000.00,'2025-06-28 10:30:00','Mercado Pago','MP_DON_2025_001','approved','2025-06-27 05:29:05','2025-06-27 05:29:05'),(32,10,2,15000.00,'2025-06-29 14:15:00','Mercado Pago','MP_DON_2025_002','approved','2025-06-27 05:29:05','2025-06-27 05:29:05'),(33,2,3,5000.00,'2025-06-30 16:45:00','Mercado Pago','MP_DON_2025_003','approved','2025-06-27 05:29:05','2025-06-27 05:29:05'),(34,1,4,8000.00,'2025-07-01 11:20:00','Mercado Pago','MP_DON_2025_004','approved','2025-06-27 05:29:05','2025-06-27 05:29:05'),(35,9,1,500.00,'2025-06-27 07:36:13','Mercado Pago',NULL,'pending','2025-06-27 10:36:13','2025-06-27 10:36:13'),(36,9,1,500.00,'2025-06-27 07:48:39','Mercado Pago',NULL,'pending','2025-06-27 10:48:39','2025-06-27 10:48:39'),(37,9,1,25000.00,'2025-06-27 08:32:54','Mercado Pago',NULL,'pending','2025-06-27 11:32:54','2025-06-27 11:32:54'),(38,9,1,500.00,'2025-06-27 09:23:46','Mercado Pago',NULL,'pending','2025-06-27 12:23:46','2025-06-27 12:23:46'),(39,9,5,25000.00,'2025-06-27 09:37:46','Mercado Pago',NULL,'pending','2025-06-27 12:37:46','2025-06-27 12:37:46'),(40,9,5,25000.00,'2025-06-27 09:49:56','Mercado Pago',NULL,'pending','2025-06-27 12:49:56','2025-06-27 12:49:56'),(41,9,2,500.00,'2025-06-27 09:55:15','Mercado Pago','MP_DONATION_41_1751018134790','approved','2025-06-27 12:55:15','2025-06-27 12:55:35'),(42,9,5,68000.00,'2025-06-27 09:56:26','Mercado Pago','MP_DONATION_42_1751018207447','approved','2025-06-27 12:56:26','2025-06-27 12:56:47'),(43,9,2,1000.00,'2025-06-27 09:57:22','Mercado Pago','MP_DONATION_43_1751018260745','approved','2025-06-27 12:57:22','2025-06-27 12:57:41'),(44,9,4,500.00,'2025-06-27 18:14:42','Mercado Pago','MP_DONATION_44_1751048287138','approved','2025-06-27 21:14:42','2025-06-27 21:18:07'),(45,13,4,500.00,'2025-06-27 18:18:56','Mercado Pago','MP_DONATION_45_1751048356163','approved','2025-06-27 21:18:56','2025-06-27 21:19:16'),(46,9,1,500.00,'2025-06-27 18:24:54','Mercado Pago','MP_DONATION_46_1751048711993','approved','2025-06-27 21:24:54','2025-06-27 21:25:12'),(47,9,1,1000.00,'2025-06-27 18:28:51','Mercado Pago','MP_DONATION_47_1751048949474','approved','2025-06-27 21:28:51','2025-06-27 21:29:09'),(48,9,2,500.00,'2025-06-27 19:15:58','Mercado Pago','MP_DONATION_48_1751051791249','approved','2025-06-27 22:15:58','2025-06-27 22:16:31'),(49,9,3,500.00,'2025-06-27 19:39:56','Mercado Pago','MP_DONATION_49_1751053241459','approved','2025-06-27 22:39:56','2025-06-27 22:40:41'),(50,9,2,10000.00,'2025-06-27 20:13:46','Mercado Pago','MP_DONATION_50_1751055270098','approved','2025-06-27 23:13:46','2025-06-27 23:14:30'),(51,15,2,100000.00,'2025-06-28 16:44:49','Mercado Pago','MP_DONATION_51_1751129134146','approved','2025-06-28 19:44:49','2025-06-28 19:45:34'),(52,16,5,25000.00,'2025-07-17 22:52:59','Mercado Pago','MP_DONATION_52_1752792806680','approved','2025-07-18 01:52:59','2025-07-18 01:53:27'),(53,9,4,500.00,'2025-11-28 20:28:49','Mercado Pago','MP_DONATION_53_1764361749107','approved','2025-11-28 23:28:49','2025-11-28 23:29:09'),(54,9,3,10000.00,'2025-12-01 19:09:28','Mercado Pago','MP_DONATION_54_1764616186175','approved','2025-12-01 22:09:28','2025-12-01 22:09:46'),(55,18,3,25000.00,'2025-12-01 19:58:08','Mercado Pago','MP_DONATION_55_1764619105332','approved','2025-12-01 22:58:08','2025-12-01 22:58:25'),(56,15,1,1000.00,'2025-12-05 19:34:19','Mercado Pago',NULL,'pending','2025-12-05 22:34:19','2025-12-05 22:34:19'),(57,15,2,1000.00,'2025-12-05 19:34:56','Mercado Pago','MP_DONATION_57_1764963316881','approved','2025-12-05 22:34:56','2025-12-05 22:35:17'),(58,19,3,1500.00,'2025-12-05 21:06:56','Mercado Pago','MP_DONATION_58_1764968855354','approved','2025-12-06 00:06:56','2025-12-06 00:07:35'),(59,9,3,500.00,'2026-01-07 03:59:07','Mercado Pago','MP_DONATION_59_1767758370139','approved','2026-01-07 03:59:07','2026-01-07 03:59:30'),(60,9,1,1000.00,'2026-01-07 04:22:34','Mercado Pago','MP_DONATION_60_1767759775417','approved','2026-01-07 04:22:34','2026-01-07 04:22:55');
/*!40000 ALTER TABLE `donations` ENABLE KEYS */;
UNLOCK TABLES;

--
-- Table structure for table `event_types`
--

DROP TABLE IF EXISTS `event_types`;
/*!40101 SET @saved_cs_client     = @@character_set_client */;
/*!50503 SET character_set_client = utf8mb4 */;
CREATE TABLE `event_types` (
  `id` bigint NOT NULL AUTO_INCREMENT,
  `type` varchar(50) CHARACTER SET utf8mb4 COLLATE utf8mb4_unicode_ci NOT NULL,
  PRIMARY KEY (`id`)
) ENGINE=InnoDB AUTO_INCREMENT=7 DEFAULT CHARSET=utf8mb4 COLLATE=utf8mb4_unicode_ci;
/*!40101 SET character_set_client = @saved_cs_client */;

--
-- Dumping data for table `event_types`
--

LOCK TABLES `event_types` WRITE;
/*!40000 ALTER TABLE `event_types` DISABLE KEYS */;
INSERT INTO `event_types` VALUES (1,'Partido de Fútbol'),(2,'Evento Social'),(3,'Conferencia de Prensa'),(4,'Entrenamiento Abierto'),(5,'Actividad Institucional'),(6,'Conmemorativo');
/*!40000 ALTER TABLE `event_types` ENABLE KEYS */;
UNLOCK TABLES;

--
-- Table structure for table `locations`
--

DROP TABLE IF EXISTS `locations`;
/*!40101 SET @saved_cs_client     = @@character_set_client */;
/*!50503 SET character_set_client = utf8mb4 */;
CREATE TABLE `locations` (
  `id` bigint NOT NULL AUTO_INCREMENT,
  `name` varchar(100) CHARACTER SET utf8mb4 COLLATE utf8mb4_unicode_ci NOT NULL,
  `capacity` bigint NOT NULL,
  `price` decimal(10,2) NOT NULL,
  PRIMARY KEY (`id`)
) ENGINE=InnoDB AUTO_INCREMENT=6 DEFAULT CHARSET=utf8mb4 COLLATE=utf8mb4_unicode_ci;
/*!40101 SET character_set_client = @saved_cs_client */;

--
-- Dumping data for table `locations`
--

LOCK TABLES `locations` WRITE;
/*!40000 ALTER TABLE `locations` DISABLE KEYS */;
INSERT INTO `locations` VALUES (1,'Popular Pirata',15000,8000.00),(2,'Popular Preferencial',8000,12000.00),(3,'Platea Cuéllar',5000,18000.00),(4,'Platea Heredia',5000,18000.00);
/*!40000 ALTER TABLE `locations` ENABLE KEYS */;
UNLOCK TABLES;

--
-- Table structure for table `map_locations`
--

DROP TABLE IF EXISTS `map_locations`;
/*!40101 SET @saved_cs_client     = @@character_set_client */;
/*!50503 SET character_set_client = utf8mb4 */;
CREATE TABLE `map_locations` (
  `id` bigint NOT NULL AUTO_INCREMENT,
  `name` varchar(200) CHARACTER SET utf8mb4 COLLATE utf8mb4_unicode_ci NOT NULL COMMENT 'Nombre del lugar',
  `address` varchar(500) CHARACTER SET utf8mb4 COLLATE utf8mb4_unicode_ci NOT NULL COMMENT 'Dirección del lugar',
  `description` text CHARACTER SET utf8mb4 COLLATE utf8mb4_unicode_ci COMMENT 'Descripción del lugar',
  `google_maps_url` text CHARACTER SET utf8mb4 COLLATE utf8mb4_unicode_ci NOT NULL COMMENT 'Enlace de Google Maps',
  `author_id` bigint NOT NULL COMMENT 'ID del usuario que creó la ubicación',
  `state` tinyint(1) NOT NULL DEFAULT '1' COMMENT 'Estado de la ubicación (activa/inactiva)',
  `created_at` timestamp NULL DEFAULT CURRENT_TIMESTAMP COMMENT 'Fecha de creación',
  `updated_at` timestamp NULL DEFAULT CURRENT_TIMESTAMP ON UPDATE CURRENT_TIMESTAMP COMMENT 'Fecha de última actualización',
  PRIMARY KEY (`id`),
  KEY `idx_map_locations_state` (`state`),
  KEY `idx_map_locations_author` (`author_id`),
  KEY `idx_map_locations_created_at` (`created_at`),
  CONSTRAINT `map_locations_ibfk_1` FOREIGN KEY (`author_id`) REFERENCES `users` (`id`) ON DELETE CASCADE
) ENGINE=InnoDB AUTO_INCREMENT=13 DEFAULT CHARSET=utf8mb4 COLLATE=utf8mb4_unicode_ci;
/*!40101 SET character_set_client = @saved_cs_client */;

--
-- Dumping data for table `map_locations`
--

LOCK TABLES `map_locations` WRITE;
/*!40000 ALTER TABLE `map_locations` DISABLE KEYS */;
INSERT INTO `map_locations` VALUES (1,'Estadio Julio César Villagra','Av. Arturo Orgaz 510, Córdoba, Argentina','Estadio oficial del Club Atlético Belgrano. Capacidad para 28,000 espectadores. Casa de los Piratas Celestes.','https://maps.google.com/?q=Estadio+Julio+Cesar+Villagra+Cordoba',1,1,'2025-06-24 21:30:38','2025-06-24 21:30:38'),(2,'Sede Social Club Atlético Belgrano','Av. Arturo Orgaz 500, Córdoba, Argentina','Sede social principal del club con oficinas administrativas, salones de eventos y museo del club.','https://maps.google.com/?q=Sede+Social+Belgrano+Cordoba',1,1,'2025-06-24 21:30:38','2025-06-24 21:30:38'),(3,'Complejo Deportivo Los Boulevares','Los Boulevares, Córdoba, Argentina','Complejo de entrenamiento con canchas de fútbol, gimnasio y facilities para divisiones inferiores.','https://maps.google.com/?q=Complejo+Los+Boulevares+Belgrano+Cordoba',1,1,'2025-06-24 21:30:38','2025-06-24 21:30:38'),(4,'Primer Estadio Belgrano (Barrio Alberdi)','Barrio Alberdi, Córdoba, Argentina','Ubicación del primer estadio del club, donde se jugaron los primeros partidos históricos antes de la mudanza al actual estadio.','https://maps.google.com/?q=Barrio+Alberdi+Cordoba+Argentina',1,0,'2025-06-24 21:30:38','2025-06-27 13:08:59'),(5,'Casa de Fundación del Club','Av. Colón, Córdoba, Argentina','Lugar aproximado donde se fundó el Club Atlético Belgrano el 19 de marzo de 1905.','https://maps.google.com/?q=Avenida+Colon+Cordoba+Capital',1,1,'2025-06-24 21:30:38','2025-06-24 21:30:38'),(6,'Tienda Oficial Belgrano - Patio Olmos','Patio Olmos Shopping, Av. Vélez Sarsfield 361, Córdoba, Argentina','Tienda oficial del club con merchandising, camisetas y productos oficiales de Belgrano.','https://maps.google.com/?q=Patio+Olmos+Shopping+Cordoba',1,0,'2025-06-24 21:30:38','2025-06-27 13:09:53'),(7,'Tienda Oficial Belgrano - Estadio','Av. Arturo Orgaz 510, Córdoba, Argentina','Tienda oficial ubicada en el estadio, abierta los días de partido y horarios especiales.','https://maps.google.com/?q=Estadio+Belgrano+Tienda+Oficial+Cordoba',1,1,'2025-06-24 21:30:38','2025-06-24 21:30:38'),(8,'Hotel de Concentración','Alta Córdoba, Córdoba, Argentina','Hotel donde se concentra habitualmente el plantel profesional antes de los partidos importantes.','https://maps.google.com/?q=Hotel+Alta+Cordoba+Argentina',1,1,'2025-06-24 21:30:38','2025-06-25 00:38:38'),(9,'Centro Médico del Club','Av. Arturo Orgaz 505, Córdoba, Argentina','Centro médico especializado en medicina deportiva para jugadores y socios del club.','https://maps.google.com/?q=Centro+Medico+Belgrano+Orgaz+Cordoba',1,1,'2025-06-24 21:30:38','2025-06-24 21:30:38'),(10,'Monumento a los Hinchas','Av. Arturo Orgaz, Córdoba, Argentina','Monumento dedicado a la hinchada de Belgrano, lugar de encuentro antes de los partidos.','https://maps.google.com/?q=Monumento+Hinchas+Belgrano+Orgaz+Cordoba',1,1,'2025-06-24 21:30:38','2025-06-24 21:30:38'),(11,'utn','utn','nada','https://maps.app.goo.gl/tNo4cyDzbvhGxBPN6',9,0,'2025-06-27 23:20:02','2025-11-28 23:24:11'),(12,'bETU','BATY','','https://maps.app.goo.gl/sN1pohys4ezpYiX36',9,1,'2025-12-06 00:11:24','2025-12-06 00:11:24');
/*!40000 ALTER TABLE `map_locations` ENABLE KEYS */;
UNLOCK TABLES;

--
-- Table structure for table `news`
--

DROP TABLE IF EXISTS `news`;
/*!40101 SET @saved_cs_client     = @@character_set_client */;
/*!50503 SET character_set_client = utf8mb4 */;
CREATE TABLE `news` (
  `id` bigint NOT NULL AUTO_INCREMENT,
  `type_id` bigint NOT NULL,
  `title` varchar(200) CHARACTER SET utf8mb4 COLLATE utf8mb4_unicode_ci NOT NULL,
  `content` text CHARACTER SET utf8mb4 COLLATE utf8mb4_unicode_ci NOT NULL,
  `author_id` bigint NOT NULL,
  `date` date NOT NULL,
  `state` tinyint(1) DEFAULT '1',
  `created_at` timestamp NULL DEFAULT CURRENT_TIMESTAMP,
  `updated_at` timestamp NULL DEFAULT CURRENT_TIMESTAMP ON UPDATE CURRENT_TIMESTAMP,
  PRIMARY KEY (`id`),
  KEY `type_id` (`type_id`),
  KEY `author_id` (`author_id`),
  KEY `idx_news_date` (`date`),
  CONSTRAINT `news_ibfk_1` FOREIGN KEY (`type_id`) REFERENCES `news_types` (`id`),
  CONSTRAINT `news_ibfk_2` FOREIGN KEY (`author_id`) REFERENCES `users` (`id`)
) ENGINE=InnoDB AUTO_INCREMENT=20 DEFAULT CHARSET=utf8mb4 COLLATE=utf8mb4_unicode_ci;
/*!40101 SET character_set_client = @saved_cs_client */;

--
-- Dumping data for table `news`
--

LOCK TABLES `news` WRITE;
/*!40000 ALTER TABLE `news` DISABLE KEYS */;
INSERT INTO `news` VALUES (1,1,'Belgrano se prepara para el clásico cordobés','El Pirata ultima detalles para enfrentar a Talleres en el Mario Alberto Kempes. El equipo dirigido por Guillermo Farré viene de una buena racha y busca mantener el invicto en casa.',1,'2025-06-10',0,'2025-06-12 03:48:03','2025-06-28 19:47:40'),(2,2,'Próximo partido: Belgrano vs Racing','Este domingo 15 de junio, Belgrano recibe a Racing Club en el estadio Julio César Villagra. Las entradas ya están disponibles.',1,'2025-06-08',1,'2025-06-12 03:48:03','2025-06-12 03:48:03'),(3,3,'Llega refuerzo para el mediocampo','La dirigencia confirmó la incorporación del volante central Matías Suárez, quien jugará con la camiseta celeste hasta diciembre de 2025.',1,'2025-06-05',1,'2025-06-12 03:48:03','2025-06-12 03:48:03'),(4,4,'Festival Pirata 2025','Se viene la tercera edición del Festival Pirata con shows en vivo, actividades para toda la familia y mucha diversión en los predios del club.',1,'2025-06-12',0,'2025-06-12 03:48:03','2025-06-27 08:38:49'),(5,1,'HOLA BELGRANO','HOLAAA',1,'2025-06-12',0,'2025-06-12 09:56:17','2025-06-24 22:58:19'),(6,2,'HOLA PROBANDO','Buenos dias',1,'2025-06-12',0,'2025-06-12 10:15:28','2025-06-24 22:58:48'),(7,5,'Fichaje Estrella Chino Zellarayan','Chino a Belgrano, el ídolo pirata vuelve a casa.',1,'2025-06-24',0,'2025-06-24 23:00:16','2025-06-27 13:14:44'),(8,1,'Belgrano presenta su nueva camiseta para la temporada 2025','El Club Atlético Belgrano presentó oficialmente su nueva indumentaria para la temporada 2025. El diseño celeste tradicional incorpora detalles modernos que honran la historia del Pirata. La camiseta ya está disponible en la tienda oficial del estadio y en el Patio Olmos. Los hinchas podrán adquirirla con descuentos especiales para socios.',1,'2025-06-28',1,'2025-06-27 05:29:05','2025-06-27 05:29:05'),(9,1,'Obras de mejora en el estadio Julio César Villagra','La dirigencia anunció importantes obras de remodelación en el estadio que incluyen mejoras en la iluminación LED, renovación de baños y ampliación de la tienda oficial. Las obras comenzarán en julio y estarán terminadas antes del Derby Cordobés contra Talleres.',1,'2025-06-29',1,'2025-06-27 05:29:05','2025-06-27 05:29:05'),(10,3,'Lucas Zelarrayán cerca de volver a Belgrano','El mediocampista cordobés Lucas Zelarrayán está muy cerca de regresar al Pirata. Las negociaciones con Columbus Crew de la MLS están avanzadas y el jugador ya expresó su deseo de volver a casa. Sería el refuerzo más importante de la historia reciente del club.',1,'2025-06-30',1,'2025-06-27 05:29:05','2025-06-27 05:29:05'),(11,3,'Llega nuevo delantero: Mateo Retegui en la mira','La dirigencia está negociando la llegada del delantero Mateo Retegui como refuerzo para la segunda mitad del año. El goleador de 25 años viene de destacarse en el fútbol europeo y sería una incorporación de jerarquía para el ataque pirata.',1,'2025-07-01',0,'2025-06-27 05:29:05','2025-06-27 08:38:36'),(12,2,'Se agotaron las entradas para el superclásico contra Boca','En solo 3 horas se agotaron todas las localidades para el partido contra Boca Juniors del 15 de julio. Más de 28.000 hinchas piratas acompañarán al equipo en el Gigante de Alberdi. Se espera un marco espectacular en uno de los partidos más importantes del año.',2,'2025-07-02',1,'2025-06-27 05:29:05','2025-06-27 05:29:05'),(13,2,'Derby Cordobés: la ciudad se prepara para el clásico','Córdoba se viste de celeste y azul para el Derby Cordobés del 16 de agosto. Tanto Belgrano como Talleres llegan en buen momento futbolístico, lo que promete un espectáculo único. Las entradas para hinchas de Belgrano salen a la venta esta semana.',2,'2025-07-03',0,'2025-06-27 05:29:05','2025-06-27 08:38:29'),(14,4,'Festival Pirata 2025: música, fútbol y diversión','Se viene la cuarta edición del Festival Pirata en los predios del club. Habrá shows en vivo de Los Auténticos Decadentes, La Bersuit y artistas locales. También actividades para chicos, food trucks y exhibiciones de fútbol. Entradas en venta desde $5.000.',4,'2025-07-04',1,'2025-06-27 05:29:05','2025-06-27 05:29:05'),(15,4,'Escuela de fútbol: abren las inscripciones 2025','Ya están abiertas las inscripciones para la Escuela de Fútbol Belgrano 2025. Dirigida a niños de 4 a 16 años, cuenta con profesores especializados y la posibilidad de entrenar en el mismo predio donde entrena el primer equipo. Becas disponibles para familias de bajos recursos.',4,'2025-07-05',0,'2025-06-27 05:29:05','2025-06-27 08:38:20'),(16,5,'Belgrano apoya la campaña \"Fútbol contra la violencia\"','El Club Atlético Belgrano se suma oficialmente a la campaña nacional \"Fútbol contra la violencia\". Se implementarán nuevas medidas de seguridad en el estadio y programas educativos para promover el fair play entre los hinchas.',5,'2025-07-06',1,'2025-06-27 05:29:05','2025-06-27 13:14:56'),(17,5,'Nuevo convenio con universidades cordobesas','Belgrano firmó convenios con la UNC y la UTN para ofrecer becas de estudio a jugadores de las divisiones inferiores. El programa \"Piratas con Futuro\" busca que los jóvenes talentos puedan desarrollarse deportiva y académicamente.',5,'2025-07-07',0,'2025-06-27 05:29:05','2025-06-27 08:38:06'),(18,3,'Hola Oscar','PROBANDO DDDDDDDDDDDDDDDDDDDDDDDD',9,'2025-06-27',0,'2025-06-27 23:16:14','2025-06-27 23:16:34'),(19,3,'Holas','Buenos dias hhdhdhdhhd',9,'2025-12-05',0,'2025-12-06 00:08:24','2026-01-07 03:54:48');
/*!40000 ALTER TABLE `news` ENABLE KEYS */;
UNLOCK TABLES;

--
-- Table structure for table `news_types`
--

DROP TABLE IF EXISTS `news_types`;
/*!40101 SET @saved_cs_client     = @@character_set_client */;
/*!50503 SET character_set_client = utf8mb4 */;
CREATE TABLE `news_types` (
  `id` bigint NOT NULL AUTO_INCREMENT,
  `type` varchar(50) CHARACTER SET utf8mb4 COLLATE utf8mb4_unicode_ci NOT NULL,
  PRIMARY KEY (`id`)
) ENGINE=InnoDB AUTO_INCREMENT=6 DEFAULT CHARSET=utf8mb4 COLLATE=utf8mb4_unicode_ci;
/*!40101 SET character_set_client = @saved_cs_client */;

--
-- Dumping data for table `news_types`
--

LOCK TABLES `news_types` WRITE;
/*!40000 ALTER TABLE `news_types` DISABLE KEYS */;
INSERT INTO `news_types` VALUES (1,'Noticias del Club'),(2,'Partidos'),(3,'Fichajes'),(4,'Eventos'),(5,'Comunicados Oficiales');
/*!40000 ALTER TABLE `news_types` ENABLE KEYS */;
UNLOCK TABLES;

--
-- Table structure for table `order_items`
--

DROP TABLE IF EXISTS `order_items`;
/*!40101 SET @saved_cs_client     = @@character_set_client */;
/*!50503 SET character_set_client = utf8mb4 */;
CREATE TABLE `order_items` (
  `id` bigint NOT NULL AUTO_INCREMENT,
  `order_id` bigint NOT NULL,
  `ticket_id` bigint NOT NULL,
  `quantity` int NOT NULL DEFAULT '1',
  `unit_price` decimal(10,2) NOT NULL,
  `subtotal` decimal(10,2) NOT NULL,
  PRIMARY KEY (`id`),
  KEY `order_id` (`order_id`),
  KEY `ticket_id` (`ticket_id`),
  CONSTRAINT `order_items_ibfk_1` FOREIGN KEY (`order_id`) REFERENCES `orders` (`id`) ON DELETE CASCADE,
  CONSTRAINT `order_items_ibfk_2` FOREIGN KEY (`ticket_id`) REFERENCES `tickets` (`id`)
) ENGINE=InnoDB AUTO_INCREMENT=7 DEFAULT CHARSET=utf8mb4 COLLATE=utf8mb4_unicode_ci;
/*!40101 SET character_set_client = @saved_cs_client */;

--
-- Dumping data for table `order_items`
--

LOCK TABLES `order_items` WRITE;
/*!40000 ALTER TABLE `order_items` DISABLE KEYS */;
/*!40000 ALTER TABLE `order_items` ENABLE KEYS */;
UNLOCK TABLES;

--
-- Table structure for table `orders`
--

DROP TABLE IF EXISTS `orders`;
/*!40101 SET @saved_cs_client     = @@character_set_client */;
/*!50503 SET character_set_client = utf8mb4 */;
CREATE TABLE `orders` (
  `id` bigint NOT NULL AUTO_INCREMENT,
  `user_id` bigint NOT NULL,
  `total_amount` decimal(10,2) NOT NULL,
  `purchase_date` datetime DEFAULT CURRENT_TIMESTAMP,
  `payment_method` varchar(50) CHARACTER SET utf8mb4 COLLATE utf8mb4_unicode_ci DEFAULT 'Mercado Pago',
  `payment_id` varchar(100) CHARACTER SET utf8mb4 COLLATE utf8mb4_unicode_ci DEFAULT NULL,
  `purchase_state` enum('pending','approved','rejected','cancelled') CHARACTER SET utf8mb4 COLLATE utf8mb4_unicode_ci DEFAULT 'pending',
  `created_at` timestamp NULL DEFAULT CURRENT_TIMESTAMP,
  `updated_at` timestamp NULL DEFAULT CURRENT_TIMESTAMP ON UPDATE CURRENT_TIMESTAMP,
  PRIMARY KEY (`id`),
  KEY `idx_orders_user` (`user_id`),
  KEY `idx_orders_state` (`purchase_state`),
  CONSTRAINT `orders_ibfk_1` FOREIGN KEY (`user_id`) REFERENCES `users` (`id`)
) ENGINE=InnoDB AUTO_INCREMENT=7 DEFAULT CHARSET=utf8mb4 COLLATE=utf8mb4_unicode_ci;
/*!40101 SET character_set_client = @saved_cs_client */;

--
-- Dumping data for table `orders`
--

LOCK TABLES `orders` WRITE;
/*!40000 ALTER TABLE `orders` DISABLE KEYS */;
/*!40000 ALTER TABLE `orders` ENABLE KEYS */;
UNLOCK TABLES;

--
-- Table structure for table `tickets`
--

DROP TABLE IF EXISTS `tickets`;
/*!40101 SET @saved_cs_client     = @@character_set_client */;
/*!50503 SET character_set_client = utf8mb4 */;
CREATE TABLE `tickets` (
  `id` bigint NOT NULL AUTO_INCREMENT,
  `code` varchar(50) CHARACTER SET utf8mb4 COLLATE utf8mb4_unicode_ci NOT NULL,
  `location_id` bigint NOT NULL,
  `price` decimal(10,2) NOT NULL,
  `date_time` datetime NOT NULL,
  `available` tinyint(1) DEFAULT '1',
  `created_at` timestamp NULL DEFAULT CURRENT_TIMESTAMP,
  PRIMARY KEY (`id`),
  UNIQUE KEY `code` (`code`),
  KEY `location_id` (`location_id`),
  CONSTRAINT `tickets_ibfk_1` FOREIGN KEY (`location_id`) REFERENCES `locations` (`id`)
) ENGINE=InnoDB AUTO_INCREMENT=7661 DEFAULT CHARSET=utf8mb4 COLLATE=utf8mb4_unicode_ci;
/*!40101 SET character_set_client = @saved_cs_client */;

--
-- Dumping data for table `tickets`
--

LOCK TABLES `tickets` WRITE;
/*!40000 ALTER TABLE `tickets` DISABLE KEYS */;
INSERT INTO `tickets` VALUES (6461,'TKT-756C91D4',1,8000.00,'2026-01-09 21:00:00',1,'2026-01-07 03:56:52'),(6462,'TKT-130F1AD1',1,8000.00,'2026-01-09 21:00:00',1,'2026-01-07 03:56:52'),(6463,'TKT-33CBF711',1,8000.00,'2026-01-09 21:00:00',1,'2026-01-07 03:56:52'),(6464,'TKT-E0158180',1,8000.00,'2026-01-09 21:00:00',1,'2026-01-07 03:56:52'),(6465,'TKT-BE63E8B4',1,8000.00,'2026-01-09 21:00:00',1,'2026-01-07 03:56:52'),(6466,'TKT-28E9B26F',1,8000.00,'2026-01-09 21:00:00',1,'2026-01-07 03:56:52'),(6467,'TKT-25C9C040',1,8000.00,'2026-01-09 21:00:00',1,'2026-01-07 03:56:52'),(6468,'TKT-6601AA08',1,8000.00,'2026-01-09 21:00:00',1,'2026-01-07 03:56:52'),(6469,'TKT-E02D506D',1,8000.00,'2026-01-09 21:00:00',1,'2026-01-07 03:56:52'),(6470,'TKT-C3127FCE',1,8000.00,'2026-01-09 21:00:00',1,'2026-01-07 03:56:52'),(6471,'TKT-2BDC0AF8',1,8000.00,'2026-01-09 21:00:00',1,'2026-01-07 03:56:52'),(6472,'TKT-98314DB3',1,8000.00,'2026-01-09 21:00:00',1,'2026-01-07 03:56:52'),(6473,'TKT-CD212527',1,8000.00,'2026-01-09 21:00:00',1,'2026-01-07 03:56:52'),(6474,'TKT-70EF558C',1,8000.00,'2026-01-09 21:00:00',1,'2026-01-07 03:56:52'),(6475,'TKT-2FAEDEBB',1,8000.00,'2026-01-09 21:00:00',1,'2026-01-07 03:56:52'),(6476,'TKT-012F832B',1,8000.00,'2026-01-09 21:00:00',1,'2026-01-07 03:56:52'),(6477,'TKT-CC49BE97',1,8000.00,'2026-01-09 21:00:00',1,'2026-01-07 03:56:52'),(6478,'TKT-F1188802',1,8000.00,'2026-01-09 21:00:00',1,'2026-01-07 03:56:52'),(6479,'TKT-3E11E6EA',1,8000.00,'2026-01-09 21:00:00',1,'2026-01-07 03:56:52'),(6480,'TKT-A98A2156',1,8000.00,'2026-01-09 21:00:00',1,'2026-01-07 03:56:52'),(6481,'TKT-A45582EF',1,8000.00,'2026-01-09 21:00:00',1,'2026-01-07 03:56:52'),(6482,'TKT-C5E52978',1,8000.00,'2026-01-09 21:00:00',1,'2026-01-07 03:56:52'),(6483,'TKT-8B6690D0',1,8000.00,'2026-01-09 21:00:00',1,'2026-01-07 03:56:52'),(6484,'TKT-8C01A9CD',1,8000.00,'2026-01-09 21:00:00',1,'2026-01-07 03:56:52'),(6485,'TKT-CB4A0EEA',1,8000.00,'2026-01-09 21:00:00',1,'2026-01-07 03:56:52'),(6486,'TKT-57F51462',1,8000.00,'2026-01-09 21:00:00',1,'2026-01-07 03:56:52'),(6487,'TKT-76F86DAE',1,8000.00,'2026-01-09 21:00:00',1,'2026-01-07 03:56:53'),(6488,'TKT-D661204B',1,8000.00,'2026-01-09 21:00:00',1,'2026-01-07 03:56:53'),(6489,'TKT-F4C71018',1,8000.00,'2026-01-09 21:00:00',1,'2026-01-07 03:56:53'),(6490,'TKT-F1AADACA',1,8000.00,'2026-01-09 21:00:00',1,'2026-01-07 03:56:53'),(6491,'TKT-215C6A28',1,8000.00,'2026-01-09 21:00:00',1,'2026-01-07 03:56:53'),(6492,'TKT-D832DA76',1,8000.00,'2026-01-09 21:00:00',1,'2026-01-07 03:56:53'),(6493,'TKT-58DCF23D',1,8000.00,'2026-01-09 21:00:00',1,'2026-01-07 03:56:53'),(6494,'TKT-033E8943',1,8000.00,'2026-01-09 21:00:00',1,'2026-01-07 03:56:53'),(6495,'TKT-20B0ADE6',1,8000.00,'2026-01-09 21:00:00',1,'2026-01-07 03:56:53'),(6496,'TKT-2123ADA9',1,8000.00,'2026-01-09 21:00:00',1,'2026-01-07 03:56:53'),(6497,'TKT-864EAEFD',1,8000.00,'2026-01-09 21:00:00',1,'2026-01-07 03:56:53'),(6498,'TKT-D8CE2153',1,8000.00,'2026-01-09 21:00:00',1,'2026-01-07 03:56:53'),(6499,'TKT-0234F087',1,8000.00,'2026-01-09 21:00:00',1,'2026-01-07 03:56:53'),(6500,'TKT-8A98087E',1,8000.00,'2026-01-09 21:00:00',1,'2026-01-07 03:56:53'),(6501,'TKT-D83B6C96',1,8000.00,'2026-01-09 21:00:00',1,'2026-01-07 03:56:53'),(6502,'TKT-E4BD6B1D',1,8000.00,'2026-01-09 21:00:00',1,'2026-01-07 03:56:53'),(6503,'TKT-1140C383',1,8000.00,'2026-01-09 21:00:00',1,'2026-01-07 03:56:53'),(6504,'TKT-D9920C86',1,8000.00,'2026-01-09 21:00:00',1,'2026-01-07 03:56:53'),(6505,'TKT-236CB0BC',1,8000.00,'2026-01-09 21:00:00',1,'2026-01-07 03:56:53'),(6506,'TKT-9385E921',1,8000.00,'2026-01-09 21:00:00',1,'2026-01-07 03:56:53'),(6507,'TKT-DA54ACF1',1,8000.00,'2026-01-09 21:00:00',1,'2026-01-07 03:56:53'),(6508,'TKT-9E36FE41',1,8000.00,'2026-01-09 21:00:00',1,'2026-01-07 03:56:53'),(6509,'TKT-5CB10D27',1,8000.00,'2026-01-09 21:00:00',1,'2026-01-07 03:56:53'),(6510,'TKT-8EC2ADE7',1,8000.00,'2026-01-09 21:00:00',1,'2026-01-07 03:56:53'),(6511,'TKT-7DDE6897',1,8000.00,'2026-01-09 21:00:00',1,'2026-01-07 03:56:53'),(6512,'TKT-A5FAA0F2',1,8000.00,'2026-01-09 21:00:00',1,'2026-01-07 03:56:53'),(6513,'TKT-CCCB4C9C',1,8000.00,'2026-01-09 21:00:00',1,'2026-01-07 03:56:53'),(6514,'TKT-7C7C96B1',1,8000.00,'2026-01-09 21:00:00',1,'2026-01-07 03:56:53'),(6515,'TKT-CA1FC3EB',1,8000.00,'2026-01-09 21:00:00',1,'2026-01-07 03:56:53'),(6516,'TKT-A314E8BD',1,8000.00,'2026-01-09 21:00:00',1,'2026-01-07 03:56:53'),(6517,'TKT-D3A22F4E',1,8000.00,'2026-01-09 21:00:00',1,'2026-01-07 03:56:53'),(6518,'TKT-6DD084E5',1,8000.00,'2026-01-09 21:00:00',1,'2026-01-07 03:56:54'),(6519,'TKT-C7E13655',1,8000.00,'2026-01-09 21:00:00',1,'2026-01-07 03:56:54'),(6520,'TKT-2538673D',1,8000.00,'2026-01-09 21:00:00',1,'2026-01-07 03:56:54'),(6521,'TKT-06651E4F',1,8000.00,'2026-01-09 21:00:00',1,'2026-01-07 03:56:54'),(6522,'TKT-BEC3B651',1,8000.00,'2026-01-09 21:00:00',1,'2026-01-07 03:56:54'),(6523,'TKT-09D2E26A',1,8000.00,'2026-01-09 21:00:00',1,'2026-01-07 03:56:54'),(6524,'TKT-E195CB60',1,8000.00,'2026-01-09 21:00:00',1,'2026-01-07 03:56:54'),(6525,'TKT-6D62F2A5',1,8000.00,'2026-01-09 21:00:00',1,'2026-01-07 03:56:54'),(6526,'TKT-96040570',1,8000.00,'2026-01-09 21:00:00',1,'2026-01-07 03:56:54'),(6527,'TKT-5508C8C5',1,8000.00,'2026-01-09 21:00:00',1,'2026-01-07 03:56:54'),(6528,'TKT-0203D219',1,8000.00,'2026-01-09 21:00:00',1,'2026-01-07 03:56:54'),(6529,'TKT-5EA8D09C',1,8000.00,'2026-01-09 21:00:00',1,'2026-01-07 03:56:54'),(6530,'TKT-BD39FA83',1,8000.00,'2026-01-09 21:00:00',1,'2026-01-07 03:56:54'),(6531,'TKT-9BE14CF2',1,8000.00,'2026-01-09 21:00:00',1,'2026-01-07 03:56:54'),(6532,'TKT-C64FAC2D',1,8000.00,'2026-01-09 21:00:00',1,'2026-01-07 03:56:54'),(6533,'TKT-9284D000',1,8000.00,'2026-01-09 21:00:00',1,'2026-01-07 03:56:54'),(6534,'TKT-292B8024',1,8000.00,'2026-01-09 21:00:00',1,'2026-01-07 03:56:54'),(6535,'TKT-A71B784B',1,8000.00,'2026-01-09 21:00:00',1,'2026-01-07 03:56:54'),(6536,'TKT-E64B7187',1,8000.00,'2026-01-09 21:00:00',1,'2026-01-07 03:56:54'),(6537,'TKT-FD49FD87',1,8000.00,'2026-01-09 21:00:00',1,'2026-01-07 03:56:54'),(6538,'TKT-5B36C71F',1,8000.00,'2026-01-09 21:00:00',1,'2026-01-07 03:56:54'),(6539,'TKT-198BACB3',1,8000.00,'2026-01-09 21:00:00',1,'2026-01-07 03:56:54'),(6540,'TKT-01F8EFF1',1,8000.00,'2026-01-09 21:00:00',1,'2026-01-07 03:56:54'),(6541,'TKT-2ED20AF7',1,8000.00,'2026-01-09 21:00:00',1,'2026-01-07 03:56:54'),(6542,'TKT-08871751',1,8000.00,'2026-01-09 21:00:00',1,'2026-01-07 03:56:54'),(6543,'TKT-964F3804',1,8000.00,'2026-01-09 21:00:00',1,'2026-01-07 03:56:54'),(6544,'TKT-2145A770',1,8000.00,'2026-01-09 21:00:00',1,'2026-01-07 03:56:54'),(6545,'TKT-C2C01774',1,8000.00,'2026-01-09 21:00:00',1,'2026-01-07 03:56:54'),(6546,'TKT-3AF2D4DB',1,8000.00,'2026-01-09 21:00:00',1,'2026-01-07 03:56:54'),(6547,'TKT-AB47671B',1,8000.00,'2026-01-09 21:00:00',1,'2026-01-07 03:56:54'),(6548,'TKT-F299FE33',1,8000.00,'2026-01-09 21:00:00',1,'2026-01-07 03:56:55'),(6549,'TKT-85362C9D',1,8000.00,'2026-01-09 21:00:00',1,'2026-01-07 03:56:55'),(6550,'TKT-19150C6F',1,8000.00,'2026-01-09 21:00:00',1,'2026-01-07 03:56:55'),(6551,'TKT-2BBE63E1',1,8000.00,'2026-01-09 21:00:00',1,'2026-01-07 03:56:55'),(6552,'TKT-C9F0F280',1,8000.00,'2026-01-09 21:00:00',1,'2026-01-07 03:56:55'),(6553,'TKT-510AC74C',1,8000.00,'2026-01-09 21:00:00',1,'2026-01-07 03:56:55'),(6554,'TKT-520F3C13',1,8000.00,'2026-01-09 21:00:00',1,'2026-01-07 03:56:55'),(6555,'TKT-9BF3F0D3',1,8000.00,'2026-01-09 21:00:00',1,'2026-01-07 03:56:55'),(6556,'TKT-43D910EC',1,8000.00,'2026-01-09 21:00:00',1,'2026-01-07 03:56:55'),(6557,'TKT-1909BF60',1,8000.00,'2026-01-09 21:00:00',1,'2026-01-07 03:56:55'),(6558,'TKT-86045293',1,8000.00,'2026-01-09 21:00:00',1,'2026-01-07 03:56:55'),(6559,'TKT-763D2DF0',1,8000.00,'2026-01-09 21:00:00',1,'2026-01-07 03:56:55'),(6560,'TKT-C7D4F348',2,12000.00,'2026-01-09 21:00:00',1,'2026-01-07 03:56:55'),(6561,'TKT-5888BE44',2,12000.00,'2026-01-09 21:00:00',1,'2026-01-07 03:56:55'),(6562,'TKT-0E0B9A0B',1,8000.00,'2026-01-09 21:00:00',1,'2026-01-07 03:56:55'),(6563,'TKT-C9CF9B31',2,12000.00,'2026-01-09 21:00:00',1,'2026-01-07 03:56:55'),(6564,'TKT-4851C8AE',2,12000.00,'2026-01-09 21:00:00',1,'2026-01-07 03:56:55'),(6565,'TKT-C4CEB19E',2,12000.00,'2026-01-09 21:00:00',1,'2026-01-07 03:56:55'),(6566,'TKT-B611AE03',2,12000.00,'2026-01-09 21:00:00',1,'2026-01-07 03:56:55'),(6567,'TKT-D72797A1',2,12000.00,'2026-01-09 21:00:00',1,'2026-01-07 03:56:55'),(6568,'TKT-81D6A32A',2,12000.00,'2026-01-09 21:00:00',1,'2026-01-07 03:56:55'),(6569,'TKT-27FC5E08',2,12000.00,'2026-01-09 21:00:00',1,'2026-01-07 03:56:55'),(6570,'TKT-BCE70E52',2,12000.00,'2026-01-09 21:00:00',1,'2026-01-07 03:56:55'),(6571,'TKT-2E0EF593',2,12000.00,'2026-01-09 21:00:00',1,'2026-01-07 03:56:55'),(6572,'TKT-54A88CB9',2,12000.00,'2026-01-09 21:00:00',1,'2026-01-07 03:56:55'),(6573,'TKT-F1B54126',2,12000.00,'2026-01-09 21:00:00',1,'2026-01-07 03:56:55'),(6574,'TKT-6F124038',2,12000.00,'2026-01-09 21:00:00',1,'2026-01-07 03:56:55'),(6575,'TKT-98F2C42C',2,12000.00,'2026-01-09 21:00:00',1,'2026-01-07 03:56:55'),(6576,'TKT-05D348F4',2,12000.00,'2026-01-09 21:00:00',1,'2026-01-07 03:56:55'),(6577,'TKT-FD1B3718',2,12000.00,'2026-01-09 21:00:00',1,'2026-01-07 03:56:56'),(6578,'TKT-AABC3EEE',2,12000.00,'2026-01-09 21:00:00',1,'2026-01-07 03:56:56'),(6579,'TKT-636ACD15',2,12000.00,'2026-01-09 21:00:00',1,'2026-01-07 03:56:56'),(6580,'TKT-BC955BAE',2,12000.00,'2026-01-09 21:00:00',1,'2026-01-07 03:56:56'),(6581,'TKT-8C896D74',2,12000.00,'2026-01-09 21:00:00',1,'2026-01-07 03:56:56'),(6582,'TKT-1679A7E8',2,12000.00,'2026-01-09 21:00:00',1,'2026-01-07 03:56:56'),(6583,'TKT-4EE63937',2,12000.00,'2026-01-09 21:00:00',1,'2026-01-07 03:56:56'),(6584,'TKT-767922B8',2,12000.00,'2026-01-09 21:00:00',1,'2026-01-07 03:56:56'),(6585,'TKT-7274C3F8',2,12000.00,'2026-01-09 21:00:00',1,'2026-01-07 03:56:56'),(6586,'TKT-BF4FD415',2,12000.00,'2026-01-09 21:00:00',1,'2026-01-07 03:56:56'),(6587,'TKT-F1F1D90B',2,12000.00,'2026-01-09 21:00:00',1,'2026-01-07 03:56:56'),(6588,'TKT-E9BCD584',2,12000.00,'2026-01-09 21:00:00',1,'2026-01-07 03:56:56'),(6589,'TKT-6DF29283',2,12000.00,'2026-01-09 21:00:00',1,'2026-01-07 03:56:56'),(6590,'TKT-F3051345',2,12000.00,'2026-01-09 21:00:00',1,'2026-01-07 03:56:56'),(6591,'TKT-261D3897',2,12000.00,'2026-01-09 21:00:00',1,'2026-01-07 03:56:56'),(6592,'TKT-72CD806C',2,12000.00,'2026-01-09 21:00:00',1,'2026-01-07 03:56:56'),(6593,'TKT-1E9A7786',2,12000.00,'2026-01-09 21:00:00',1,'2026-01-07 03:56:56'),(6594,'TKT-FA209CB7',2,12000.00,'2026-01-09 21:00:00',1,'2026-01-07 03:56:56'),(6595,'TKT-E71AE168',2,12000.00,'2026-01-09 21:00:00',1,'2026-01-07 03:56:56'),(6596,'TKT-616D0DCE',2,12000.00,'2026-01-09 21:00:00',1,'2026-01-07 03:56:56'),(6597,'TKT-74C8112B',2,12000.00,'2026-01-09 21:00:00',1,'2026-01-07 03:56:56'),(6598,'TKT-E0D315E3',2,12000.00,'2026-01-09 21:00:00',1,'2026-01-07 03:56:56'),(6599,'TKT-5448709D',2,12000.00,'2026-01-09 21:00:00',1,'2026-01-07 03:56:56'),(6600,'TKT-96E20367',2,12000.00,'2026-01-09 21:00:00',1,'2026-01-07 03:56:56'),(6601,'TKT-60DDB4F6',2,12000.00,'2026-01-09 21:00:00',1,'2026-01-07 03:56:56'),(6602,'TKT-2B76586A',2,12000.00,'2026-01-09 21:00:00',1,'2026-01-07 03:56:56'),(6603,'TKT-745469B9',2,12000.00,'2026-01-09 21:00:00',1,'2026-01-07 03:56:56'),(6604,'TKT-D88E0B18',2,12000.00,'2026-01-09 21:00:00',1,'2026-01-07 03:56:56'),(6605,'TKT-677ED603',2,12000.00,'2026-01-09 21:00:00',1,'2026-01-07 03:56:56'),(6606,'TKT-473DA88B',2,12000.00,'2026-01-09 21:00:00',1,'2026-01-07 03:56:56'),(6607,'TKT-D9FD0283',2,12000.00,'2026-01-09 21:00:00',1,'2026-01-07 03:56:56'),(6608,'TKT-2363BB8A',2,12000.00,'2026-01-09 21:00:00',1,'2026-01-07 03:56:57'),(6609,'TKT-BCD56A26',2,12000.00,'2026-01-09 21:00:00',1,'2026-01-07 03:56:57'),(6610,'TKT-02B66A4E',2,12000.00,'2026-01-09 21:00:00',1,'2026-01-07 03:56:57'),(6611,'TKT-43D5D70E',2,12000.00,'2026-01-09 21:00:00',1,'2026-01-07 03:56:57'),(6612,'TKT-821FB048',2,12000.00,'2026-01-09 21:00:00',1,'2026-01-07 03:56:57'),(6613,'TKT-E3E7FDDB',2,12000.00,'2026-01-09 21:00:00',1,'2026-01-07 03:56:57'),(6614,'TKT-A9CB6E67',2,12000.00,'2026-01-09 21:00:00',1,'2026-01-07 03:56:57'),(6615,'TKT-E65E2F55',2,12000.00,'2026-01-09 21:00:00',1,'2026-01-07 03:56:57'),(6616,'TKT-D3A79E15',2,12000.00,'2026-01-09 21:00:00',1,'2026-01-07 03:56:57'),(6617,'TKT-9EC931AD',2,12000.00,'2026-01-09 21:00:00',1,'2026-01-07 03:56:57'),(6618,'TKT-2141A768',2,12000.00,'2026-01-09 21:00:00',1,'2026-01-07 03:56:57'),(6619,'TKT-A3953749',2,12000.00,'2026-01-09 21:00:00',1,'2026-01-07 03:56:57'),(6620,'TKT-E0BBD2FE',2,12000.00,'2026-01-09 21:00:00',1,'2026-01-07 03:56:57'),(6621,'TKT-6F358290',2,12000.00,'2026-01-09 21:00:00',1,'2026-01-07 03:56:57'),(6622,'TKT-8F21E682',2,12000.00,'2026-01-09 21:00:00',1,'2026-01-07 03:56:57'),(6623,'TKT-CEC8ED46',2,12000.00,'2026-01-09 21:00:00',1,'2026-01-07 03:56:57'),(6624,'TKT-E5685821',2,12000.00,'2026-01-09 21:00:00',1,'2026-01-07 03:56:57'),(6625,'TKT-F57E14ED',2,12000.00,'2026-01-09 21:00:00',1,'2026-01-07 03:56:57'),(6626,'TKT-3B8E55BE',2,12000.00,'2026-01-09 21:00:00',1,'2026-01-07 03:56:57'),(6627,'TKT-6836641B',2,12000.00,'2026-01-09 21:00:00',1,'2026-01-07 03:56:57'),(6628,'TKT-34D4956B',2,12000.00,'2026-01-09 21:00:00',1,'2026-01-07 03:56:57'),(6629,'TKT-EB8949A2',2,12000.00,'2026-01-09 21:00:00',1,'2026-01-07 03:56:57'),(6630,'TKT-6F5E452A',2,12000.00,'2026-01-09 21:00:00',1,'2026-01-07 03:56:57'),(6631,'TKT-D8B9E64E',2,12000.00,'2026-01-09 21:00:00',1,'2026-01-07 03:56:57'),(6632,'TKT-1A186AEA',2,12000.00,'2026-01-09 21:00:00',1,'2026-01-07 03:56:57'),(6633,'TKT-62F3553F',2,12000.00,'2026-01-09 21:00:00',1,'2026-01-07 03:56:57'),(6634,'TKT-2F082F8B',2,12000.00,'2026-01-09 21:00:00',1,'2026-01-07 03:56:57'),(6635,'TKT-E05123E2',2,12000.00,'2026-01-09 21:00:00',1,'2026-01-07 03:56:57'),(6636,'TKT-F5457736',2,12000.00,'2026-01-09 21:00:00',1,'2026-01-07 03:56:57'),(6637,'TKT-D00DA348',2,12000.00,'2026-01-09 21:00:00',1,'2026-01-07 03:56:57'),(6638,'TKT-5AD9372D',2,12000.00,'2026-01-09 21:00:00',1,'2026-01-07 03:56:57'),(6639,'TKT-BFB61745',2,12000.00,'2026-01-09 21:00:00',1,'2026-01-07 03:56:57'),(6640,'TKT-2F57D71E',2,12000.00,'2026-01-09 21:00:00',1,'2026-01-07 03:56:57'),(6641,'TKT-7BAF78A6',2,12000.00,'2026-01-09 21:00:00',1,'2026-01-07 03:56:58'),(6642,'TKT-D7A07134',2,12000.00,'2026-01-09 21:00:00',1,'2026-01-07 03:56:58'),(6643,'TKT-6EAC283A',2,12000.00,'2026-01-09 21:00:00',1,'2026-01-07 03:56:58'),(6644,'TKT-C951D1C4',2,12000.00,'2026-01-09 21:00:00',1,'2026-01-07 03:56:58'),(6645,'TKT-B60023C5',2,12000.00,'2026-01-09 21:00:00',1,'2026-01-07 03:56:58'),(6646,'TKT-90FBA8F6',2,12000.00,'2026-01-09 21:00:00',1,'2026-01-07 03:56:58'),(6647,'TKT-9B3FCE23',2,12000.00,'2026-01-09 21:00:00',1,'2026-01-07 03:56:58'),(6648,'TKT-B168E4FF',2,12000.00,'2026-01-09 21:00:00',1,'2026-01-07 03:56:58'),(6649,'TKT-F2BEB441',2,12000.00,'2026-01-09 21:00:00',1,'2026-01-07 03:56:58'),(6650,'TKT-59E76F99',2,12000.00,'2026-01-09 21:00:00',1,'2026-01-07 03:56:58'),(6651,'TKT-18462082',2,12000.00,'2026-01-09 21:00:00',1,'2026-01-07 03:56:58'),(6652,'TKT-402A5AF9',2,12000.00,'2026-01-09 21:00:00',1,'2026-01-07 03:56:58'),(6653,'TKT-CB40B51A',2,12000.00,'2026-01-09 21:00:00',1,'2026-01-07 03:56:58'),(6654,'TKT-6AC8B27F',2,12000.00,'2026-01-09 21:00:00',1,'2026-01-07 03:56:58'),(6655,'TKT-DA46E52A',2,12000.00,'2026-01-09 21:00:00',1,'2026-01-07 03:56:58'),(6656,'TKT-05B3301B',2,12000.00,'2026-01-09 21:00:00',1,'2026-01-07 03:56:58'),(6657,'TKT-76446DDE',2,12000.00,'2026-01-09 21:00:00',1,'2026-01-07 03:56:58'),(6658,'TKT-75ECCC51',2,12000.00,'2026-01-09 21:00:00',1,'2026-01-07 03:56:58'),(6659,'TKT-AF206B7E',2,12000.00,'2026-01-09 21:00:00',1,'2026-01-07 03:56:58'),(6660,'TKT-4EFA351C',2,12000.00,'2026-01-09 21:00:00',1,'2026-01-07 03:56:58'),(6661,'TKT-5386B030',3,18000.00,'2026-01-09 21:00:00',1,'2026-01-07 03:56:58'),(6662,'TKT-C20238A8',3,18000.00,'2026-01-09 21:00:00',1,'2026-01-07 03:56:58'),(6663,'TKT-C2B20F7C',3,18000.00,'2026-01-09 21:00:00',1,'2026-01-07 03:56:58'),(6664,'TKT-D7F194D9',3,18000.00,'2026-01-09 21:00:00',1,'2026-01-07 03:56:58'),(6665,'TKT-1490304B',3,18000.00,'2026-01-09 21:00:00',1,'2026-01-07 03:56:58'),(6666,'TKT-F04F1F6C',3,18000.00,'2026-01-09 21:00:00',1,'2026-01-07 03:56:58'),(6667,'TKT-C93A123A',3,18000.00,'2026-01-09 21:00:00',1,'2026-01-07 03:56:59'),(6668,'TKT-4FBF5AF6',3,18000.00,'2026-01-09 21:00:00',1,'2026-01-07 03:56:59'),(6669,'TKT-88C7C779',3,18000.00,'2026-01-09 21:00:00',1,'2026-01-07 03:56:59'),(6670,'TKT-88EFF652',3,18000.00,'2026-01-09 21:00:00',1,'2026-01-07 03:56:59'),(6671,'TKT-56E131E2',3,18000.00,'2026-01-09 21:00:00',1,'2026-01-07 03:56:59'),(6672,'TKT-187EA9BB',3,18000.00,'2026-01-09 21:00:00',1,'2026-01-07 03:56:59'),(6673,'TKT-60E45116',3,18000.00,'2026-01-09 21:00:00',1,'2026-01-07 03:56:59'),(6674,'TKT-09FDEC7D',3,18000.00,'2026-01-09 21:00:00',1,'2026-01-07 03:56:59'),(6675,'TKT-DC3F35C3',3,18000.00,'2026-01-09 21:00:00',1,'2026-01-07 03:56:59'),(6676,'TKT-A1EDE4A2',3,18000.00,'2026-01-09 21:00:00',1,'2026-01-07 03:56:59'),(6677,'TKT-57D39F7B',3,18000.00,'2026-01-09 21:00:00',1,'2026-01-07 03:56:59'),(6678,'TKT-E77F9F85',3,18000.00,'2026-01-09 21:00:00',1,'2026-01-07 03:56:59'),(6679,'TKT-46345AA4',3,18000.00,'2026-01-09 21:00:00',1,'2026-01-07 03:56:59'),(6680,'TKT-C48F1130',3,18000.00,'2026-01-09 21:00:00',1,'2026-01-07 03:56:59'),(6681,'TKT-4C29919B',3,18000.00,'2026-01-09 21:00:00',1,'2026-01-07 03:56:59'),(6682,'TKT-8C6EFE30',3,18000.00,'2026-01-09 21:00:00',1,'2026-01-07 03:56:59'),(6683,'TKT-A0F5E11A',3,18000.00,'2026-01-09 21:00:00',1,'2026-01-07 03:56:59'),(6684,'TKT-63FF1514',3,18000.00,'2026-01-09 21:00:00',1,'2026-01-07 03:56:59'),(6685,'TKT-CE3CA02D',3,18000.00,'2026-01-09 21:00:00',1,'2026-01-07 03:56:59'),(6686,'TKT-B54CD9B1',3,18000.00,'2026-01-09 21:00:00',1,'2026-01-07 03:56:59'),(6687,'TKT-12135D21',3,18000.00,'2026-01-09 21:00:00',1,'2026-01-07 03:56:59'),(6688,'TKT-C6B21A01',3,18000.00,'2026-01-09 21:00:00',1,'2026-01-07 03:56:59'),(6689,'TKT-E54DC4C2',3,18000.00,'2026-01-09 21:00:00',1,'2026-01-07 03:56:59'),(6690,'TKT-DD7E0ABE',3,18000.00,'2026-01-09 21:00:00',1,'2026-01-07 03:56:59'),(6691,'TKT-AFBF1D55',3,18000.00,'2026-01-09 21:00:00',1,'2026-01-07 03:56:59'),(6692,'TKT-2F6380B8',3,18000.00,'2026-01-09 21:00:00',1,'2026-01-07 03:56:59'),(6693,'TKT-F52EA933',3,18000.00,'2026-01-09 21:00:00',1,'2026-01-07 03:56:59'),(6694,'TKT-F92AB9A3',3,18000.00,'2026-01-09 21:00:00',1,'2026-01-07 03:56:59'),(6695,'TKT-8FA6FECD',3,18000.00,'2026-01-09 21:00:00',1,'2026-01-07 03:57:00'),(6696,'TKT-4F733535',3,18000.00,'2026-01-09 21:00:00',1,'2026-01-07 03:57:00'),(6697,'TKT-ADD37050',3,18000.00,'2026-01-09 21:00:00',1,'2026-01-07 03:57:00'),(6698,'TKT-4F1AB5CE',3,18000.00,'2026-01-09 21:00:00',1,'2026-01-07 03:57:00'),(6699,'TKT-D1CD8BFB',3,18000.00,'2026-01-09 21:00:00',1,'2026-01-07 03:57:00'),(6700,'TKT-4FFCA58A',3,18000.00,'2026-01-09 21:00:00',1,'2026-01-07 03:57:00'),(6701,'TKT-64E724BB',3,18000.00,'2026-01-09 21:00:00',1,'2026-01-07 03:57:00'),(6702,'TKT-E52E1B61',3,18000.00,'2026-01-09 21:00:00',1,'2026-01-07 03:57:00'),(6703,'TKT-8791C0B9',3,18000.00,'2026-01-09 21:00:00',1,'2026-01-07 03:57:00'),(6704,'TKT-9BBDEB2B',3,18000.00,'2026-01-09 21:00:00',1,'2026-01-07 03:57:00'),(6705,'TKT-0BD997E2',3,18000.00,'2026-01-09 21:00:00',1,'2026-01-07 03:57:00'),(6706,'TKT-D01DBE8B',3,18000.00,'2026-01-09 21:00:00',1,'2026-01-07 03:57:00'),(6707,'TKT-1D5E3436',3,18000.00,'2026-01-09 21:00:00',1,'2026-01-07 03:57:00'),(6708,'TKT-95482528',3,18000.00,'2026-01-09 21:00:00',1,'2026-01-07 03:57:00'),(6709,'TKT-8DA85905',3,18000.00,'2026-01-09 21:00:00',1,'2026-01-07 03:57:00'),(6710,'TKT-8C5A61DF',3,18000.00,'2026-01-09 21:00:00',1,'2026-01-07 03:57:00'),(6711,'TKT-85217776',3,18000.00,'2026-01-09 21:00:00',1,'2026-01-07 03:57:00'),(6712,'TKT-6C8BFA27',3,18000.00,'2026-01-09 21:00:00',1,'2026-01-07 03:57:00'),(6713,'TKT-16DB6093',3,18000.00,'2026-01-09 21:00:00',1,'2026-01-07 03:57:00'),(6714,'TKT-FDA18437',3,18000.00,'2026-01-09 21:00:00',1,'2026-01-07 03:57:00'),(6715,'TKT-2E9962C0',3,18000.00,'2026-01-09 21:00:00',1,'2026-01-07 03:57:00'),(6716,'TKT-A81773A9',3,18000.00,'2026-01-09 21:00:00',1,'2026-01-07 03:57:00'),(6717,'TKT-74BC2693',3,18000.00,'2026-01-09 21:00:00',1,'2026-01-07 03:57:00'),(6718,'TKT-602E6E99',3,18000.00,'2026-01-09 21:00:00',1,'2026-01-07 03:57:00'),(6719,'TKT-C5C551FE',3,18000.00,'2026-01-09 21:00:00',1,'2026-01-07 03:57:00'),(6720,'TKT-19365647',3,18000.00,'2026-01-09 21:00:00',1,'2026-01-07 03:57:00'),(6721,'TKT-91591966',3,18000.00,'2026-01-09 21:00:00',1,'2026-01-07 03:57:00'),(6722,'TKT-8EEF78B2',3,18000.00,'2026-01-09 21:00:00',1,'2026-01-07 03:57:00'),(6723,'TKT-6A457E44',3,18000.00,'2026-01-09 21:00:00',1,'2026-01-07 03:57:00'),(6724,'TKT-E5EB168C',3,18000.00,'2026-01-09 21:00:00',1,'2026-01-07 03:57:00'),(6725,'TKT-3485CCD0',3,18000.00,'2026-01-09 21:00:00',1,'2026-01-07 03:57:00'),(6726,'TKT-2EEEC97D',3,18000.00,'2026-01-09 21:00:00',1,'2026-01-07 03:57:00'),(6727,'TKT-BAE4348F',3,18000.00,'2026-01-09 21:00:00',1,'2026-01-07 03:57:00'),(6728,'TKT-DE44FA04',3,18000.00,'2026-01-09 21:00:00',1,'2026-01-07 03:57:00'),(6729,'TKT-B19FD6B2',3,18000.00,'2026-01-09 21:00:00',1,'2026-01-07 03:57:00'),(6730,'TKT-60CC4FB4',3,18000.00,'2026-01-09 21:00:00',1,'2026-01-07 03:57:01'),(6731,'TKT-E6032022',3,18000.00,'2026-01-09 21:00:00',1,'2026-01-07 03:57:01'),(6732,'TKT-206E721A',3,18000.00,'2026-01-09 21:00:00',1,'2026-01-07 03:57:01'),(6733,'TKT-AC76CA2F',3,18000.00,'2026-01-09 21:00:00',1,'2026-01-07 03:57:01'),(6734,'TKT-4B198A71',3,18000.00,'2026-01-09 21:00:00',1,'2026-01-07 03:57:01'),(6735,'TKT-C24AF8CE',3,18000.00,'2026-01-09 21:00:00',1,'2026-01-07 03:57:01'),(6736,'TKT-33D6E42A',3,18000.00,'2026-01-09 21:00:00',1,'2026-01-07 03:57:01'),(6737,'TKT-2644B1EB',3,18000.00,'2026-01-09 21:00:00',1,'2026-01-07 03:57:01'),(6738,'TKT-767FA35A',3,18000.00,'2026-01-09 21:00:00',1,'2026-01-07 03:57:01'),(6739,'TKT-C1783E11',3,18000.00,'2026-01-09 21:00:00',1,'2026-01-07 03:57:01'),(6740,'TKT-CDF0266C',3,18000.00,'2026-01-09 21:00:00',1,'2026-01-07 03:57:01'),(6741,'TKT-8B135F7F',3,18000.00,'2026-01-09 21:00:00',1,'2026-01-07 03:57:01'),(6742,'TKT-2C25B937',3,18000.00,'2026-01-09 21:00:00',1,'2026-01-07 03:57:01'),(6743,'TKT-76577C18',3,18000.00,'2026-01-09 21:00:00',1,'2026-01-07 03:57:01'),(6744,'TKT-DC62607A',3,18000.00,'2026-01-09 21:00:00',1,'2026-01-07 03:57:01'),(6745,'TKT-F2E67DFB',3,18000.00,'2026-01-09 21:00:00',1,'2026-01-07 03:57:01'),(6746,'TKT-371F63A2',3,18000.00,'2026-01-09 21:00:00',1,'2026-01-07 03:57:01'),(6747,'TKT-F0F76D1A',3,18000.00,'2026-01-09 21:00:00',1,'2026-01-07 03:57:01'),(6748,'TKT-88370828',3,18000.00,'2026-01-09 21:00:00',1,'2026-01-07 03:57:01'),(6749,'TKT-5C3475F9',3,18000.00,'2026-01-09 21:00:00',1,'2026-01-07 03:57:01'),(6750,'TKT-8EF92357',3,18000.00,'2026-01-09 21:00:00',1,'2026-01-07 03:57:01'),(6751,'TKT-3184E337',3,18000.00,'2026-01-09 21:00:00',1,'2026-01-07 03:57:01'),(6752,'TKT-C6B6635C',3,18000.00,'2026-01-09 21:00:00',1,'2026-01-07 03:57:01'),(6753,'TKT-0316F98D',3,18000.00,'2026-01-09 21:00:00',1,'2026-01-07 03:57:01'),(6754,'TKT-6450B1CE',3,18000.00,'2026-01-09 21:00:00',1,'2026-01-07 03:57:01'),(6755,'TKT-7ABE521B',3,18000.00,'2026-01-09 21:00:00',1,'2026-01-07 03:57:01'),(6756,'TKT-675E6B76',3,18000.00,'2026-01-09 21:00:00',1,'2026-01-07 03:57:01'),(6757,'TKT-71B34B55',3,18000.00,'2026-01-09 21:00:00',1,'2026-01-07 03:57:01'),(6758,'TKT-DAF927A4',3,18000.00,'2026-01-09 21:00:00',1,'2026-01-07 03:57:01'),(6759,'TKT-6BD9E06D',3,18000.00,'2026-01-09 21:00:00',1,'2026-01-07 03:57:01'),(6760,'TKT-C947FCC6',3,18000.00,'2026-01-09 21:00:00',1,'2026-01-07 03:57:01'),(6761,'TKT-D769BD40',4,18000.00,'2026-01-09 21:00:00',1,'2026-01-07 03:57:01'),(6762,'TKT-74859E40',4,18000.00,'2026-01-09 21:00:00',1,'2026-01-07 03:57:01'),(6763,'TKT-D83EFC87',4,18000.00,'2026-01-09 21:00:00',1,'2026-01-07 03:57:02'),(6764,'TKT-5F9E5682',4,18000.00,'2026-01-09 21:00:00',1,'2026-01-07 03:57:02'),(6765,'TKT-B315ACF5',4,18000.00,'2026-01-09 21:00:00',1,'2026-01-07 03:57:02'),(6766,'TKT-93486FEA',4,18000.00,'2026-01-09 21:00:00',1,'2026-01-07 03:57:02'),(6767,'TKT-4D5139BC',4,18000.00,'2026-01-09 21:00:00',1,'2026-01-07 03:57:02'),(6768,'TKT-281A9E5A',4,18000.00,'2026-01-09 21:00:00',1,'2026-01-07 03:57:02'),(6769,'TKT-1EC65C19',4,18000.00,'2026-01-09 21:00:00',1,'2026-01-07 03:57:02'),(6770,'TKT-FBB224C1',4,18000.00,'2026-01-09 21:00:00',1,'2026-01-07 03:57:02'),(6771,'TKT-24F4E270',4,18000.00,'2026-01-09 21:00:00',1,'2026-01-07 03:57:02'),(6772,'TKT-85068D06',4,18000.00,'2026-01-09 21:00:00',1,'2026-01-07 03:57:02'),(6773,'TKT-696C13D2',4,18000.00,'2026-01-09 21:00:00',1,'2026-01-07 03:57:02'),(6774,'TKT-87BBC702',4,18000.00,'2026-01-09 21:00:00',1,'2026-01-07 03:57:02'),(6775,'TKT-73833BF4',4,18000.00,'2026-01-09 21:00:00',1,'2026-01-07 03:57:02'),(6776,'TKT-E9C318EA',4,18000.00,'2026-01-09 21:00:00',1,'2026-01-07 03:57:02'),(6777,'TKT-460A3290',4,18000.00,'2026-01-09 21:00:00',1,'2026-01-07 03:57:02'),(6778,'TKT-84F19E20',4,18000.00,'2026-01-09 21:00:00',1,'2026-01-07 03:57:02'),(6779,'TKT-368D5CA0',4,18000.00,'2026-01-09 21:00:00',1,'2026-01-07 03:57:02'),(6780,'TKT-217C12D9',4,18000.00,'2026-01-09 21:00:00',1,'2026-01-07 03:57:02'),(6781,'TKT-9C79390D',4,18000.00,'2026-01-09 21:00:00',1,'2026-01-07 03:57:02'),(6782,'TKT-2EBD15D1',4,18000.00,'2026-01-09 21:00:00',1,'2026-01-07 03:57:02'),(6783,'TKT-C14059DB',4,18000.00,'2026-01-09 21:00:00',1,'2026-01-07 03:57:02'),(6784,'TKT-513ACD88',4,18000.00,'2026-01-09 21:00:00',1,'2026-01-07 03:57:02'),(6785,'TKT-22D64BDD',4,18000.00,'2026-01-09 21:00:00',1,'2026-01-07 03:57:02'),(6786,'TKT-0046DF69',4,18000.00,'2026-01-09 21:00:00',1,'2026-01-07 03:57:02'),(6787,'TKT-39B0C313',4,18000.00,'2026-01-09 21:00:00',1,'2026-01-07 03:57:02'),(6788,'TKT-EC216C13',4,18000.00,'2026-01-09 21:00:00',1,'2026-01-07 03:57:02'),(6789,'TKT-9D5658DC',4,18000.00,'2026-01-09 21:00:00',1,'2026-01-07 03:57:02'),(6790,'TKT-DC0A5E44',4,18000.00,'2026-01-09 21:00:00',1,'2026-01-07 03:57:02'),(6791,'TKT-546236BA',4,18000.00,'2026-01-09 21:00:00',1,'2026-01-07 03:57:02'),(6792,'TKT-63336532',4,18000.00,'2026-01-09 21:00:00',1,'2026-01-07 03:57:02'),(6793,'TKT-65B047FD',4,18000.00,'2026-01-09 21:00:00',1,'2026-01-07 03:57:02'),(6794,'TKT-A1A3B69D',4,18000.00,'2026-01-09 21:00:00',1,'2026-01-07 03:57:02'),(6795,'TKT-138A2F51',4,18000.00,'2026-01-09 21:00:00',1,'2026-01-07 03:57:02'),(6796,'TKT-1D20994B',4,18000.00,'2026-01-09 21:00:00',1,'2026-01-07 03:57:02'),(6797,'TKT-CB847BA2',4,18000.00,'2026-01-09 21:00:00',1,'2026-01-07 03:57:02'),(6798,'TKT-765407AB',4,18000.00,'2026-01-09 21:00:00',1,'2026-01-07 03:57:02'),(6799,'TKT-351A944C',4,18000.00,'2026-01-09 21:00:00',1,'2026-01-07 03:57:02'),(6800,'TKT-525AD29A',4,18000.00,'2026-01-09 21:00:00',1,'2026-01-07 03:57:02'),(6801,'TKT-A76B9014',4,18000.00,'2026-01-09 21:00:00',1,'2026-01-07 03:57:02'),(6802,'TKT-BB2E6D72',4,18000.00,'2026-01-09 21:00:00',1,'2026-01-07 03:57:02'),(6803,'TKT-DFD66492',4,18000.00,'2026-01-09 21:00:00',1,'2026-01-07 03:57:03'),(6804,'TKT-FF01CAC1',4,18000.00,'2026-01-09 21:00:00',1,'2026-01-07 03:57:03'),(6805,'TKT-D32296AB',4,18000.00,'2026-01-09 21:00:00',1,'2026-01-07 03:57:03'),(6806,'TKT-EE71051D',4,18000.00,'2026-01-09 21:00:00',1,'2026-01-07 03:57:03'),(6807,'TKT-A2D65C79',4,18000.00,'2026-01-09 21:00:00',1,'2026-01-07 03:57:03'),(6808,'TKT-F6E703AE',4,18000.00,'2026-01-09 21:00:00',1,'2026-01-07 03:57:03'),(6809,'TKT-01394193',4,18000.00,'2026-01-09 21:00:00',1,'2026-01-07 03:57:03'),(6810,'TKT-23A8A5EC',4,18000.00,'2026-01-09 21:00:00',1,'2026-01-07 03:57:03'),(6811,'TKT-5FDCA40F',4,18000.00,'2026-01-09 21:00:00',1,'2026-01-07 03:57:03'),(6812,'TKT-4A93B438',4,18000.00,'2026-01-09 21:00:00',1,'2026-01-07 03:57:03'),(6813,'TKT-FC6819E8',4,18000.00,'2026-01-09 21:00:00',1,'2026-01-07 03:57:03'),(6814,'TKT-D4172453',4,18000.00,'2026-01-09 21:00:00',1,'2026-01-07 03:57:03'),(6815,'TKT-C205082C',4,18000.00,'2026-01-09 21:00:00',1,'2026-01-07 03:57:03'),(6816,'TKT-D9E4E181',4,18000.00,'2026-01-09 21:00:00',1,'2026-01-07 03:57:03'),(6817,'TKT-66223C45',4,18000.00,'2026-01-09 21:00:00',1,'2026-01-07 03:57:03'),(6818,'TKT-327F1C31',4,18000.00,'2026-01-09 21:00:00',1,'2026-01-07 03:57:03'),(6819,'TKT-B16FD61A',4,18000.00,'2026-01-09 21:00:00',1,'2026-01-07 03:57:03'),(6820,'TKT-1A3EBAC9',4,18000.00,'2026-01-09 21:00:00',1,'2026-01-07 03:57:03'),(6821,'TKT-0116FF70',4,18000.00,'2026-01-09 21:00:00',1,'2026-01-07 03:57:03'),(6822,'TKT-73F1EAF8',4,18000.00,'2026-01-09 21:00:00',1,'2026-01-07 03:57:03'),(6823,'TKT-CF00E558',4,18000.00,'2026-01-09 21:00:00',1,'2026-01-07 03:57:03'),(6824,'TKT-C5D45746',4,18000.00,'2026-01-09 21:00:00',1,'2026-01-07 03:57:03'),(6825,'TKT-598F2320',4,18000.00,'2026-01-09 21:00:00',1,'2026-01-07 03:57:03'),(6826,'TKT-B4E9D7D0',4,18000.00,'2026-01-09 21:00:00',1,'2026-01-07 03:57:03'),(6827,'TKT-AE5366DB',4,18000.00,'2026-01-09 21:00:00',1,'2026-01-07 03:57:03'),(6828,'TKT-7744A51A',4,18000.00,'2026-01-09 21:00:00',1,'2026-01-07 03:57:03'),(6829,'TKT-96F97B71',4,18000.00,'2026-01-09 21:00:00',1,'2026-01-07 03:57:03'),(6830,'TKT-446D5384',4,18000.00,'2026-01-09 21:00:00',1,'2026-01-07 03:57:03'),(6831,'TKT-A3CC9ABB',4,18000.00,'2026-01-09 21:00:00',1,'2026-01-07 03:57:03'),(6832,'TKT-8382437B',4,18000.00,'2026-01-09 21:00:00',1,'2026-01-07 03:57:03'),(6833,'TKT-AAB2295B',4,18000.00,'2026-01-09 21:00:00',1,'2026-01-07 03:57:03'),(6834,'TKT-415C2213',4,18000.00,'2026-01-09 21:00:00',1,'2026-01-07 03:57:03'),(6835,'TKT-2780E703',4,18000.00,'2026-01-09 21:00:00',1,'2026-01-07 03:57:03'),(6836,'TKT-612541B4',4,18000.00,'2026-01-09 21:00:00',1,'2026-01-07 03:57:03'),(6837,'TKT-C2F1EF6B',4,18000.00,'2026-01-09 21:00:00',1,'2026-01-07 03:57:03'),(6838,'TKT-551E6A8C',4,18000.00,'2026-01-09 21:00:00',1,'2026-01-07 03:57:03'),(6839,'TKT-FE4E661E',4,18000.00,'2026-01-09 21:00:00',1,'2026-01-07 03:57:03'),(6840,'TKT-D7516441',4,18000.00,'2026-01-09 21:00:00',1,'2026-01-07 03:57:03'),(6841,'TKT-5D34B621',4,18000.00,'2026-01-09 21:00:00',1,'2026-01-07 03:57:03'),(6842,'TKT-7E392B38',4,18000.00,'2026-01-09 21:00:00',1,'2026-01-07 03:57:03'),(6843,'TKT-E161BDE1',4,18000.00,'2026-01-09 21:00:00',1,'2026-01-07 03:57:04'),(6844,'TKT-40C406D5',4,18000.00,'2026-01-09 21:00:00',1,'2026-01-07 03:57:04'),(6845,'TKT-38ECD552',4,18000.00,'2026-01-09 21:00:00',1,'2026-01-07 03:57:04'),(6846,'TKT-F968FDDC',4,18000.00,'2026-01-09 21:00:00',1,'2026-01-07 03:57:04'),(6847,'TKT-30255219',4,18000.00,'2026-01-09 21:00:00',1,'2026-01-07 03:57:04'),(6848,'TKT-5026E58F',4,18000.00,'2026-01-09 21:00:00',1,'2026-01-07 03:57:04'),(6849,'TKT-51409338',4,18000.00,'2026-01-09 21:00:00',1,'2026-01-07 03:57:04'),(6850,'TKT-76453C45',4,18000.00,'2026-01-09 21:00:00',1,'2026-01-07 03:57:04'),(6851,'TKT-D3EE0235',4,18000.00,'2026-01-09 21:00:00',1,'2026-01-07 03:57:04'),(6852,'TKT-D07575FF',4,18000.00,'2026-01-09 21:00:00',1,'2026-01-07 03:57:04'),(6853,'TKT-EED025EA',4,18000.00,'2026-01-09 21:00:00',1,'2026-01-07 03:57:04'),(6854,'TKT-0F21AC0D',4,18000.00,'2026-01-09 21:00:00',1,'2026-01-07 03:57:04'),(6855,'TKT-D7E0EEB0',4,18000.00,'2026-01-09 21:00:00',1,'2026-01-07 03:57:04'),(6856,'TKT-31950FC5',4,18000.00,'2026-01-09 21:00:00',1,'2026-01-07 03:57:04'),(6857,'TKT-BCFF8A1D',4,18000.00,'2026-01-09 21:00:00',1,'2026-01-07 03:57:04'),(6858,'TKT-2352BB74',4,18000.00,'2026-01-09 21:00:00',1,'2026-01-07 03:57:04'),(6859,'TKT-29B254C5',4,18000.00,'2026-01-09 21:00:00',1,'2026-01-07 03:57:04'),(6860,'TKT-6B778899',4,18000.00,'2026-01-09 21:00:00',1,'2026-01-07 03:57:04'),(6861,'TKT-C85BC617',1,8000.00,'2026-01-21 21:00:00',0,'2026-01-07 03:57:20'),(6862,'TKT-CAE0082B',1,8000.00,'2026-01-21 21:00:00',1,'2026-01-07 03:57:20'),(6863,'TKT-89D916A0',1,8000.00,'2026-01-21 21:00:00',1,'2026-01-07 03:57:20'),(6864,'TKT-4B51761D',1,8000.00,'2026-01-21 21:00:00',1,'2026-01-07 03:57:20'),(6865,'TKT-B09B3586',1,8000.00,'2026-01-21 21:00:00',1,'2026-01-07 03:57:20'),(6866,'TKT-610A2D42',1,8000.00,'2026-01-21 21:00:00',1,'2026-01-07 03:57:20'),(6867,'TKT-46A17906',1,8000.00,'2026-01-21 21:00:00',1,'2026-01-07 03:57:20'),(6868,'TKT-6B494B71',1,8000.00,'2026-01-21 21:00:00',1,'2026-01-07 03:57:20'),(6869,'TKT-41EB6AC6',1,8000.00,'2026-01-21 21:00:00',1,'2026-01-07 03:57:20'),(6870,'TKT-BB83B78C',1,8000.00,'2026-01-21 21:00:00',1,'2026-01-07 03:57:20'),(6871,'TKT-3EA7DC36',1,8000.00,'2026-01-21 21:00:00',1,'2026-01-07 03:57:20'),(6872,'TKT-AEE0B376',1,8000.00,'2026-01-21 21:00:00',1,'2026-01-07 03:57:20'),(6873,'TKT-765CD4D6',1,8000.00,'2026-01-21 21:00:00',1,'2026-01-07 03:57:20'),(6874,'TKT-3B7C6119',1,8000.00,'2026-01-21 21:00:00',1,'2026-01-07 03:57:20'),(6875,'TKT-B099A53D',1,8000.00,'2026-01-21 21:00:00',1,'2026-01-07 03:57:20'),(6876,'TKT-7873BE43',1,8000.00,'2026-01-21 21:00:00',1,'2026-01-07 03:57:20'),(6877,'TKT-7CEF2346',1,8000.00,'2026-01-21 21:00:00',1,'2026-01-07 03:57:20'),(6878,'TKT-99147446',1,8000.00,'2026-01-21 21:00:00',1,'2026-01-07 03:57:21'),(6879,'TKT-3F35ADDA',1,8000.00,'2026-01-21 21:00:00',1,'2026-01-07 03:57:21'),(6880,'TKT-EA3114FB',1,8000.00,'2026-01-21 21:00:00',1,'2026-01-07 03:57:21'),(6881,'TKT-92C46D7B',1,8000.00,'2026-01-21 21:00:00',1,'2026-01-07 03:57:21'),(6882,'TKT-BA2C5D44',1,8000.00,'2026-01-21 21:00:00',1,'2026-01-07 03:57:21'),(6883,'TKT-EDBE01AC',1,8000.00,'2026-01-21 21:00:00',1,'2026-01-07 03:57:21'),(6884,'TKT-F3C14F61',1,8000.00,'2026-01-21 21:00:00',1,'2026-01-07 03:57:21'),(6885,'TKT-38BA6254',1,8000.00,'2026-01-21 21:00:00',1,'2026-01-07 03:57:21'),(6886,'TKT-22D74679',1,8000.00,'2026-01-21 21:00:00',1,'2026-01-07 03:57:21'),(6887,'TKT-8F3FB55F',1,8000.00,'2026-01-21 21:00:00',1,'2026-01-07 03:57:21'),(6888,'TKT-4B4EEB2C',1,8000.00,'2026-01-21 21:00:00',1,'2026-01-07 03:57:21'),(6889,'TKT-6D4F877F',1,8000.00,'2026-01-21 21:00:00',1,'2026-01-07 03:57:21'),(6890,'TKT-8E3F3D00',1,8000.00,'2026-01-21 21:00:00',1,'2026-01-07 03:57:21'),(6891,'TKT-E1B6B930',1,8000.00,'2026-01-21 21:00:00',1,'2026-01-07 03:57:21'),(6892,'TKT-3D7B86C2',1,8000.00,'2026-01-21 21:00:00',1,'2026-01-07 03:57:21'),(6893,'TKT-866C6FB5',1,8000.00,'2026-01-21 21:00:00',1,'2026-01-07 03:57:21'),(6894,'TKT-246738CF',1,8000.00,'2026-01-21 21:00:00',1,'2026-01-07 03:57:21'),(6895,'TKT-72D77253',1,8000.00,'2026-01-21 21:00:00',1,'2026-01-07 03:57:21'),(6896,'TKT-EB3DA6DA',1,8000.00,'2026-01-21 21:00:00',1,'2026-01-07 03:57:21'),(6897,'TKT-A8208A94',1,8000.00,'2026-01-21 21:00:00',1,'2026-01-07 03:57:21'),(6898,'TKT-A87F2AF1',1,8000.00,'2026-01-21 21:00:00',1,'2026-01-07 03:57:21'),(6899,'TKT-C2283F84',1,8000.00,'2026-01-21 21:00:00',1,'2026-01-07 03:57:21'),(6900,'TKT-410AFD6B',1,8000.00,'2026-01-21 21:00:00',1,'2026-01-07 03:57:21'),(6901,'TKT-C26406CA',1,8000.00,'2026-01-21 21:00:00',1,'2026-01-07 03:57:21'),(6902,'TKT-575CA8AD',1,8000.00,'2026-01-21 21:00:00',1,'2026-01-07 03:57:21'),(6903,'TKT-7FC7A557',1,8000.00,'2026-01-21 21:00:00',1,'2026-01-07 03:57:21'),(6904,'TKT-3DAB273F',1,8000.00,'2026-01-21 21:00:00',1,'2026-01-07 03:57:21'),(6905,'TKT-33254DD2',1,8000.00,'2026-01-21 21:00:00',1,'2026-01-07 03:57:21'),(6906,'TKT-7818692D',1,8000.00,'2026-01-21 21:00:00',1,'2026-01-07 03:57:21'),(6907,'TKT-0C8F54E9',1,8000.00,'2026-01-21 21:00:00',1,'2026-01-07 03:57:21'),(6908,'TKT-5087EC6F',1,8000.00,'2026-01-21 21:00:00',1,'2026-01-07 03:57:21'),(6909,'TKT-26FEB8E1',1,8000.00,'2026-01-21 21:00:00',1,'2026-01-07 03:57:21'),(6910,'TKT-B100A523',1,8000.00,'2026-01-21 21:00:00',1,'2026-01-07 03:57:21'),(6911,'TKT-6C317076',1,8000.00,'2026-01-21 21:00:00',1,'2026-01-07 03:57:21'),(6912,'TKT-880F7101',1,8000.00,'2026-01-21 21:00:00',1,'2026-01-07 03:57:21'),(6913,'TKT-AE6A497A',1,8000.00,'2026-01-21 21:00:00',1,'2026-01-07 03:57:21'),(6914,'TKT-0DA84156',1,8000.00,'2026-01-21 21:00:00',1,'2026-01-07 03:57:21'),(6915,'TKT-8FAE9075',1,8000.00,'2026-01-21 21:00:00',1,'2026-01-07 03:57:21'),(6916,'TKT-E0213AA7',1,8000.00,'2026-01-21 21:00:00',1,'2026-01-07 03:57:21'),(6917,'TKT-9EC5C501',1,8000.00,'2026-01-21 21:00:00',1,'2026-01-07 03:57:21'),(6918,'TKT-57D2DF71',1,8000.00,'2026-01-21 21:00:00',1,'2026-01-07 03:57:21'),(6919,'TKT-1EBAB82A',1,8000.00,'2026-01-21 21:00:00',1,'2026-01-07 03:57:21'),(6920,'TKT-75728368',1,8000.00,'2026-01-21 21:00:00',1,'2026-01-07 03:57:21'),(6921,'TKT-7C6CF1FF',1,8000.00,'2026-01-21 21:00:00',1,'2026-01-07 03:57:21'),(6922,'TKT-91C3B074',1,8000.00,'2026-01-21 21:00:00',1,'2026-01-07 03:57:21'),(6923,'TKT-7CB930AB',1,8000.00,'2026-01-21 21:00:00',1,'2026-01-07 03:57:21'),(6924,'TKT-94E49FC3',1,8000.00,'2026-01-21 21:00:00',1,'2026-01-07 03:57:21'),(6925,'TKT-49A5C78E',1,8000.00,'2026-01-21 21:00:00',1,'2026-01-07 03:57:21'),(6926,'TKT-261A4306',1,8000.00,'2026-01-21 21:00:00',1,'2026-01-07 03:57:21'),(6927,'TKT-45083B5E',1,8000.00,'2026-01-21 21:00:00',1,'2026-01-07 03:57:22'),(6928,'TKT-3D0FFF44',1,8000.00,'2026-01-21 21:00:00',1,'2026-01-07 03:57:22'),(6929,'TKT-0EB42CCD',1,8000.00,'2026-01-21 21:00:00',1,'2026-01-07 03:57:22'),(6930,'TKT-A758BA97',1,8000.00,'2026-01-21 21:00:00',1,'2026-01-07 03:57:22'),(6931,'TKT-882A7793',1,8000.00,'2026-01-21 21:00:00',1,'2026-01-07 03:57:22'),(6932,'TKT-BB81D436',1,8000.00,'2026-01-21 21:00:00',1,'2026-01-07 03:57:22'),(6933,'TKT-9876FCF2',1,8000.00,'2026-01-21 21:00:00',1,'2026-01-07 03:57:22'),(6934,'TKT-DF2F3404',1,8000.00,'2026-01-21 21:00:00',1,'2026-01-07 03:57:22'),(6935,'TKT-F35D1B44',1,8000.00,'2026-01-21 21:00:00',1,'2026-01-07 03:57:22'),(6936,'TKT-123AF9B7',1,8000.00,'2026-01-21 21:00:00',1,'2026-01-07 03:57:22'),(6937,'TKT-08C98F3A',1,8000.00,'2026-01-21 21:00:00',1,'2026-01-07 03:57:22'),(6938,'TKT-01DD5A6E',1,8000.00,'2026-01-21 21:00:00',1,'2026-01-07 03:57:22'),(6939,'TKT-1B09A3F2',1,8000.00,'2026-01-21 21:00:00',1,'2026-01-07 03:57:22'),(6940,'TKT-FB8EC02D',1,8000.00,'2026-01-21 21:00:00',1,'2026-01-07 03:57:22'),(6941,'TKT-9DDC0B4A',1,8000.00,'2026-01-21 21:00:00',1,'2026-01-07 03:57:22'),(6942,'TKT-41E8B836',1,8000.00,'2026-01-21 21:00:00',1,'2026-01-07 03:57:22'),(6943,'TKT-29CFDCFE',1,8000.00,'2026-01-21 21:00:00',1,'2026-01-07 03:57:22'),(6944,'TKT-5717FC2F',1,8000.00,'2026-01-21 21:00:00',1,'2026-01-07 03:57:22'),(6945,'TKT-AE29C123',1,8000.00,'2026-01-21 21:00:00',1,'2026-01-07 03:57:22'),(6946,'TKT-5FA39C28',1,8000.00,'2026-01-21 21:00:00',1,'2026-01-07 03:57:22'),(6947,'TKT-35E51127',1,8000.00,'2026-01-21 21:00:00',1,'2026-01-07 03:57:22'),(6948,'TKT-91557295',1,8000.00,'2026-01-21 21:00:00',1,'2026-01-07 03:57:22'),(6949,'TKT-AC4035F4',1,8000.00,'2026-01-21 21:00:00',1,'2026-01-07 03:57:22'),(6950,'TKT-FFAE0F52',1,8000.00,'2026-01-21 21:00:00',1,'2026-01-07 03:57:22'),(6951,'TKT-6DA753E6',1,8000.00,'2026-01-21 21:00:00',1,'2026-01-07 03:57:22'),(6952,'TKT-B14C059E',1,8000.00,'2026-01-21 21:00:00',1,'2026-01-07 03:57:22'),(6953,'TKT-C2C5659E',1,8000.00,'2026-01-21 21:00:00',1,'2026-01-07 03:57:22'),(6954,'TKT-CA361C10',1,8000.00,'2026-01-21 21:00:00',1,'2026-01-07 03:57:22'),(6955,'TKT-CA1B33F3',1,8000.00,'2026-01-21 21:00:00',1,'2026-01-07 03:57:22'),(6956,'TKT-D698B16D',1,8000.00,'2026-01-21 21:00:00',1,'2026-01-07 03:57:22'),(6957,'TKT-5C9A8EDC',1,8000.00,'2026-01-21 21:00:00',1,'2026-01-07 03:57:22'),(6958,'TKT-A9E01BB2',1,8000.00,'2026-01-21 21:00:00',1,'2026-01-07 03:57:22'),(6959,'TKT-541F0929',1,8000.00,'2026-01-21 21:00:00',1,'2026-01-07 03:57:22'),(6960,'TKT-E324D8FF',1,8000.00,'2026-01-21 21:00:00',1,'2026-01-07 03:57:22'),(6961,'TKT-B4CC3820',2,12000.00,'2026-01-21 21:00:00',1,'2026-01-07 03:57:22'),(6962,'TKT-E92E5E33',2,12000.00,'2026-01-21 21:00:00',1,'2026-01-07 03:57:22'),(6963,'TKT-93E47433',2,12000.00,'2026-01-21 21:00:00',1,'2026-01-07 03:57:23'),(6964,'TKT-2E52D610',2,12000.00,'2026-01-21 21:00:00',1,'2026-01-07 03:57:23'),(6965,'TKT-50154D0E',2,12000.00,'2026-01-21 21:00:00',1,'2026-01-07 03:57:23'),(6966,'TKT-361EE0FA',2,12000.00,'2026-01-21 21:00:00',1,'2026-01-07 03:57:23'),(6967,'TKT-5A6E0343',2,12000.00,'2026-01-21 21:00:00',1,'2026-01-07 03:57:23'),(6968,'TKT-573A3E0A',2,12000.00,'2026-01-21 21:00:00',1,'2026-01-07 03:57:23'),(6969,'TKT-58D69B46',2,12000.00,'2026-01-21 21:00:00',1,'2026-01-07 03:57:23'),(6970,'TKT-99DDF416',2,12000.00,'2026-01-21 21:00:00',1,'2026-01-07 03:57:23'),(6971,'TKT-697A28BA',2,12000.00,'2026-01-21 21:00:00',1,'2026-01-07 03:57:23'),(6972,'TKT-B276C3AA',2,12000.00,'2026-01-21 21:00:00',1,'2026-01-07 03:57:23'),(6973,'TKT-63EBC5D1',2,12000.00,'2026-01-21 21:00:00',1,'2026-01-07 03:57:23'),(6974,'TKT-D4F3CE51',2,12000.00,'2026-01-21 21:00:00',1,'2026-01-07 03:57:23'),(6975,'TKT-D553FD1F',2,12000.00,'2026-01-21 21:00:00',1,'2026-01-07 03:57:23'),(6976,'TKT-039B575D',2,12000.00,'2026-01-21 21:00:00',1,'2026-01-07 03:57:23'),(6977,'TKT-2031CD7C',2,12000.00,'2026-01-21 21:00:00',1,'2026-01-07 03:57:23'),(6978,'TKT-7E95D989',2,12000.00,'2026-01-21 21:00:00',1,'2026-01-07 03:57:23'),(6979,'TKT-04F68CA0',2,12000.00,'2026-01-21 21:00:00',1,'2026-01-07 03:57:23'),(6980,'TKT-9B204ED4',2,12000.00,'2026-01-21 21:00:00',1,'2026-01-07 03:57:23'),(6981,'TKT-F2526A51',2,12000.00,'2026-01-21 21:00:00',1,'2026-01-07 03:57:23'),(6982,'TKT-082E4C2C',2,12000.00,'2026-01-21 21:00:00',1,'2026-01-07 03:57:23'),(6983,'TKT-F189FCA0',2,12000.00,'2026-01-21 21:00:00',1,'2026-01-07 03:57:23'),(6984,'TKT-CE5ADA0C',2,12000.00,'2026-01-21 21:00:00',1,'2026-01-07 03:57:23'),(6985,'TKT-16C44C4A',2,12000.00,'2026-01-21 21:00:00',1,'2026-01-07 03:57:23'),(6986,'TKT-EBF88C72',2,12000.00,'2026-01-21 21:00:00',1,'2026-01-07 03:57:23'),(6987,'TKT-1DA07C52',2,12000.00,'2026-01-21 21:00:00',1,'2026-01-07 03:57:23'),(6988,'TKT-F052B840',2,12000.00,'2026-01-21 21:00:00',1,'2026-01-07 03:57:23'),(6989,'TKT-420FE425',2,12000.00,'2026-01-21 21:00:00',1,'2026-01-07 03:57:23'),(6990,'TKT-6120CDA6',2,12000.00,'2026-01-21 21:00:00',1,'2026-01-07 03:57:23'),(6991,'TKT-36C16D2B',2,12000.00,'2026-01-21 21:00:00',1,'2026-01-07 03:57:23'),(6992,'TKT-D448D580',2,12000.00,'2026-01-21 21:00:00',1,'2026-01-07 03:57:23'),(6993,'TKT-5767940B',2,12000.00,'2026-01-21 21:00:00',1,'2026-01-07 03:57:24'),(6994,'TKT-5FE13572',2,12000.00,'2026-01-21 21:00:00',1,'2026-01-07 03:57:23'),(6995,'TKT-8DE15E50',2,12000.00,'2026-01-21 21:00:00',1,'2026-01-07 03:57:24'),(6996,'TKT-195D5310',2,12000.00,'2026-01-21 21:00:00',1,'2026-01-07 03:57:24'),(6997,'TKT-CC7DE198',2,12000.00,'2026-01-21 21:00:00',1,'2026-01-07 03:57:24'),(6998,'TKT-78D6E7EB',2,12000.00,'2026-01-21 21:00:00',1,'2026-01-07 03:57:24'),(6999,'TKT-D80821DE',2,12000.00,'2026-01-21 21:00:00',1,'2026-01-07 03:57:24'),(7000,'TKT-F71C713D',2,12000.00,'2026-01-21 21:00:00',1,'2026-01-07 03:57:24'),(7001,'TKT-FB5F008D',2,12000.00,'2026-01-21 21:00:00',1,'2026-01-07 03:57:24'),(7002,'TKT-FE825C95',2,12000.00,'2026-01-21 21:00:00',1,'2026-01-07 03:57:24'),(7003,'TKT-ED1CDB40',2,12000.00,'2026-01-21 21:00:00',1,'2026-01-07 03:57:24'),(7004,'TKT-D991792B',2,12000.00,'2026-01-21 21:00:00',1,'2026-01-07 03:57:24'),(7005,'TKT-7AF4C140',2,12000.00,'2026-01-21 21:00:00',1,'2026-01-07 03:57:24'),(7006,'TKT-F0C222F3',2,12000.00,'2026-01-21 21:00:00',1,'2026-01-07 03:57:24'),(7007,'TKT-BBD315ED',2,12000.00,'2026-01-21 21:00:00',1,'2026-01-07 03:57:24'),(7008,'TKT-70D188F8',2,12000.00,'2026-01-21 21:00:00',1,'2026-01-07 03:57:24'),(7009,'TKT-703C613B',2,12000.00,'2026-01-21 21:00:00',1,'2026-01-07 03:57:24'),(7010,'TKT-F9355C10',2,12000.00,'2026-01-21 21:00:00',1,'2026-01-07 03:57:24'),(7011,'TKT-900DDA03',2,12000.00,'2026-01-21 21:00:00',1,'2026-01-07 03:57:24'),(7012,'TKT-A430C7DC',2,12000.00,'2026-01-21 21:00:00',1,'2026-01-07 03:57:24'),(7013,'TKT-2AA2F3CB',2,12000.00,'2026-01-21 21:00:00',1,'2026-01-07 03:57:24'),(7014,'TKT-4A62299F',2,12000.00,'2026-01-21 21:00:00',1,'2026-01-07 03:57:24'),(7015,'TKT-6486D759',2,12000.00,'2026-01-21 21:00:00',1,'2026-01-07 03:57:24'),(7016,'TKT-0992EC88',2,12000.00,'2026-01-21 21:00:00',1,'2026-01-07 03:57:24'),(7017,'TKT-CD628EBB',2,12000.00,'2026-01-21 21:00:00',1,'2026-01-07 03:57:24'),(7018,'TKT-C8371FE4',2,12000.00,'2026-01-21 21:00:00',1,'2026-01-07 03:57:24'),(7019,'TKT-C56B7346',2,12000.00,'2026-01-21 21:00:00',1,'2026-01-07 03:57:24'),(7020,'TKT-726246DE',2,12000.00,'2026-01-21 21:00:00',1,'2026-01-07 03:57:24'),(7021,'TKT-E5D62F4B',2,12000.00,'2026-01-21 21:00:00',1,'2026-01-07 03:57:24'),(7022,'TKT-7F75939F',2,12000.00,'2026-01-21 21:00:00',1,'2026-01-07 03:57:24'),(7023,'TKT-EC186378',2,12000.00,'2026-01-21 21:00:00',1,'2026-01-07 03:57:24'),(7024,'TKT-47B9D74A',2,12000.00,'2026-01-21 21:00:00',1,'2026-01-07 03:57:24'),(7025,'TKT-1F01A8A7',2,12000.00,'2026-01-21 21:00:00',1,'2026-01-07 03:57:24'),(7026,'TKT-28AA291E',2,12000.00,'2026-01-21 21:00:00',1,'2026-01-07 03:57:24'),(7027,'TKT-A0F85E70',2,12000.00,'2026-01-21 21:00:00',1,'2026-01-07 03:57:24'),(7028,'TKT-023D8497',2,12000.00,'2026-01-21 21:00:00',1,'2026-01-07 03:57:24'),(7029,'TKT-CD14F25F',2,12000.00,'2026-01-21 21:00:00',1,'2026-01-07 03:57:24'),(7030,'TKT-27448A39',2,12000.00,'2026-01-21 21:00:00',1,'2026-01-07 03:57:24'),(7031,'TKT-B225016E',2,12000.00,'2026-01-21 21:00:00',1,'2026-01-07 03:57:24'),(7032,'TKT-AF1B564C',2,12000.00,'2026-01-21 21:00:00',1,'2026-01-07 03:57:24'),(7033,'TKT-95572A61',2,12000.00,'2026-01-21 21:00:00',1,'2026-01-07 03:57:24'),(7034,'TKT-F51734DD',2,12000.00,'2026-01-21 21:00:00',1,'2026-01-07 03:57:24'),(7035,'TKT-31B35125',2,12000.00,'2026-01-21 21:00:00',1,'2026-01-07 03:57:24'),(7036,'TKT-1CCCAB6D',2,12000.00,'2026-01-21 21:00:00',1,'2026-01-07 03:57:24'),(7037,'TKT-75F103FD',2,12000.00,'2026-01-21 21:00:00',1,'2026-01-07 03:57:24'),(7038,'TKT-19E1550A',2,12000.00,'2026-01-21 21:00:00',1,'2026-01-07 03:57:24'),(7039,'TKT-3022BE46',2,12000.00,'2026-01-21 21:00:00',1,'2026-01-07 03:57:24'),(7040,'TKT-06C9A77A',2,12000.00,'2026-01-21 21:00:00',1,'2026-01-07 03:57:24'),(7041,'TKT-48DD71B4',2,12000.00,'2026-01-21 21:00:00',1,'2026-01-07 03:57:25'),(7042,'TKT-39E1EDEE',2,12000.00,'2026-01-21 21:00:00',1,'2026-01-07 03:57:25'),(7043,'TKT-A8553131',2,12000.00,'2026-01-21 21:00:00',1,'2026-01-07 03:57:25'),(7044,'TKT-0C027972',2,12000.00,'2026-01-21 21:00:00',1,'2026-01-07 03:57:25'),(7045,'TKT-87C608D8',2,12000.00,'2026-01-21 21:00:00',1,'2026-01-07 03:57:25'),(7046,'TKT-B6E4396D',2,12000.00,'2026-01-21 21:00:00',1,'2026-01-07 03:57:25'),(7047,'TKT-0D990CCD',2,12000.00,'2026-01-21 21:00:00',1,'2026-01-07 03:57:25'),(7048,'TKT-1185EBA7',2,12000.00,'2026-01-21 21:00:00',1,'2026-01-07 03:57:25'),(7049,'TKT-98CCC314',2,12000.00,'2026-01-21 21:00:00',1,'2026-01-07 03:57:25'),(7050,'TKT-8C3CBC22',2,12000.00,'2026-01-21 21:00:00',1,'2026-01-07 03:57:25'),(7051,'TKT-E8AA0BF5',2,12000.00,'2026-01-21 21:00:00',1,'2026-01-07 03:57:25'),(7052,'TKT-A9FC375A',2,12000.00,'2026-01-21 21:00:00',1,'2026-01-07 03:57:25'),(7053,'TKT-90568723',2,12000.00,'2026-01-21 21:00:00',1,'2026-01-07 03:57:25'),(7054,'TKT-E0A878A8',2,12000.00,'2026-01-21 21:00:00',1,'2026-01-07 03:57:25'),(7055,'TKT-569CA99F',2,12000.00,'2026-01-21 21:00:00',1,'2026-01-07 03:57:25'),(7056,'TKT-72361863',2,12000.00,'2026-01-21 21:00:00',1,'2026-01-07 03:57:25'),(7057,'TKT-B024EE59',2,12000.00,'2026-01-21 21:00:00',1,'2026-01-07 03:57:25'),(7058,'TKT-A8A52EB0',2,12000.00,'2026-01-21 21:00:00',1,'2026-01-07 03:57:25'),(7059,'TKT-9FDBCE9C',2,12000.00,'2026-01-21 21:00:00',1,'2026-01-07 03:57:25'),(7060,'TKT-C513DD52',3,18000.00,'2026-01-21 21:00:00',1,'2026-01-07 03:57:25'),(7061,'TKT-78FC2316',3,18000.00,'2026-01-21 21:00:00',1,'2026-01-07 03:57:25'),(7062,'TKT-FAD8FF23',3,18000.00,'2026-01-21 21:00:00',1,'2026-01-07 03:57:25'),(7063,'TKT-87C5DCD6',3,18000.00,'2026-01-21 21:00:00',1,'2026-01-07 03:57:25'),(7064,'TKT-AFD2A20F',2,12000.00,'2026-01-21 21:00:00',1,'2026-01-07 03:57:25'),(7065,'TKT-B6AF96FF',3,18000.00,'2026-01-21 21:00:00',1,'2026-01-07 03:57:25'),(7066,'TKT-1AD245EE',3,18000.00,'2026-01-21 21:00:00',1,'2026-01-07 03:57:25'),(7067,'TKT-0A4C1B62',3,18000.00,'2026-01-21 21:00:00',1,'2026-01-07 03:57:25'),(7068,'TKT-CBBBD383',3,18000.00,'2026-01-21 21:00:00',1,'2026-01-07 03:57:25'),(7069,'TKT-D7A9AF99',3,18000.00,'2026-01-21 21:00:00',1,'2026-01-07 03:57:25'),(7070,'TKT-4AF408A2',3,18000.00,'2026-01-21 21:00:00',1,'2026-01-07 03:57:25'),(7071,'TKT-191A48BD',3,18000.00,'2026-01-21 21:00:00',1,'2026-01-07 03:57:25'),(7072,'TKT-D2186154',3,18000.00,'2026-01-21 21:00:00',1,'2026-01-07 03:57:25'),(7073,'TKT-E7CF753F',3,18000.00,'2026-01-21 21:00:00',1,'2026-01-07 03:57:25'),(7074,'TKT-03752AE1',3,18000.00,'2026-01-21 21:00:00',1,'2026-01-07 03:57:25'),(7075,'TKT-038F3F09',3,18000.00,'2026-01-21 21:00:00',1,'2026-01-07 03:57:25'),(7076,'TKT-A2205E10',3,18000.00,'2026-01-21 21:00:00',1,'2026-01-07 03:57:25'),(7077,'TKT-E883C6FF',3,18000.00,'2026-01-21 21:00:00',1,'2026-01-07 03:57:25'),(7078,'TKT-868F66CC',3,18000.00,'2026-01-21 21:00:00',1,'2026-01-07 03:57:25'),(7079,'TKT-ECCD3073',3,18000.00,'2026-01-21 21:00:00',1,'2026-01-07 03:57:25'),(7080,'TKT-296CD2CD',3,18000.00,'2026-01-21 21:00:00',1,'2026-01-07 03:57:25'),(7081,'TKT-99AC7817',3,18000.00,'2026-01-21 21:00:00',1,'2026-01-07 03:57:25'),(7082,'TKT-F4D4ECFD',3,18000.00,'2026-01-21 21:00:00',1,'2026-01-07 03:57:25'),(7083,'TKT-A3680715',3,18000.00,'2026-01-21 21:00:00',1,'2026-01-07 03:57:25'),(7084,'TKT-72F296DD',3,18000.00,'2026-01-21 21:00:00',1,'2026-01-07 03:57:25'),(7085,'TKT-8A9C9021',3,18000.00,'2026-01-21 21:00:00',1,'2026-01-07 03:57:25'),(7086,'TKT-2A49D3A4',3,18000.00,'2026-01-21 21:00:00',1,'2026-01-07 03:57:25'),(7087,'TKT-EEA912F1',3,18000.00,'2026-01-21 21:00:00',1,'2026-01-07 03:57:25'),(7088,'TKT-CA06C881',3,18000.00,'2026-01-21 21:00:00',1,'2026-01-07 03:57:25'),(7089,'TKT-5C769EE6',3,18000.00,'2026-01-21 21:00:00',1,'2026-01-07 03:57:25'),(7090,'TKT-CCCEBE8C',3,18000.00,'2026-01-21 21:00:00',1,'2026-01-07 03:57:25'),(7091,'TKT-7A5C23D4',3,18000.00,'2026-01-21 21:00:00',1,'2026-01-07 03:57:26'),(7092,'TKT-70C6F299',3,18000.00,'2026-01-21 21:00:00',1,'2026-01-07 03:57:26'),(7093,'TKT-CF9C4102',3,18000.00,'2026-01-21 21:00:00',1,'2026-01-07 03:57:26'),(7094,'TKT-1DFD3CB7',3,18000.00,'2026-01-21 21:00:00',1,'2026-01-07 03:57:26'),(7095,'TKT-13E0A2C8',3,18000.00,'2026-01-21 21:00:00',1,'2026-01-07 03:57:26'),(7096,'TKT-091BA86C',3,18000.00,'2026-01-21 21:00:00',1,'2026-01-07 03:57:26'),(7097,'TKT-0C5028F0',3,18000.00,'2026-01-21 21:00:00',1,'2026-01-07 03:57:26'),(7098,'TKT-039FBD92',3,18000.00,'2026-01-21 21:00:00',1,'2026-01-07 03:57:26'),(7099,'TKT-ADD2C8FA',3,18000.00,'2026-01-21 21:00:00',1,'2026-01-07 03:57:26'),(7100,'TKT-71906063',3,18000.00,'2026-01-21 21:00:00',1,'2026-01-07 03:57:26'),(7101,'TKT-86A3FDB7',3,18000.00,'2026-01-21 21:00:00',1,'2026-01-07 03:57:26'),(7102,'TKT-EF8C834F',3,18000.00,'2026-01-21 21:00:00',1,'2026-01-07 03:57:26'),(7103,'TKT-C5E6ED78',3,18000.00,'2026-01-21 21:00:00',1,'2026-01-07 03:57:26'),(7104,'TKT-F8B98743',3,18000.00,'2026-01-21 21:00:00',1,'2026-01-07 03:57:26'),(7105,'TKT-5539A228',3,18000.00,'2026-01-21 21:00:00',1,'2026-01-07 03:57:26'),(7106,'TKT-57BB20BE',3,18000.00,'2026-01-21 21:00:00',1,'2026-01-07 03:57:26'),(7107,'TKT-E26E3489',3,18000.00,'2026-01-21 21:00:00',1,'2026-01-07 03:57:26'),(7108,'TKT-360DEC88',3,18000.00,'2026-01-21 21:00:00',1,'2026-01-07 03:57:26'),(7109,'TKT-0415AC56',3,18000.00,'2026-01-21 21:00:00',1,'2026-01-07 03:57:26'),(7110,'TKT-8331038E',3,18000.00,'2026-01-21 21:00:00',1,'2026-01-07 03:57:26'),(7111,'TKT-9E309678',3,18000.00,'2026-01-21 21:00:00',1,'2026-01-07 03:57:26'),(7112,'TKT-0950A908',3,18000.00,'2026-01-21 21:00:00',1,'2026-01-07 03:57:26'),(7113,'TKT-E7DBC8B5',3,18000.00,'2026-01-21 21:00:00',1,'2026-01-07 03:57:26'),(7114,'TKT-F9F8DC0B',3,18000.00,'2026-01-21 21:00:00',1,'2026-01-07 03:57:26'),(7115,'TKT-FC1B3504',3,18000.00,'2026-01-21 21:00:00',1,'2026-01-07 03:57:26'),(7116,'TKT-73CA98A0',3,18000.00,'2026-01-21 21:00:00',1,'2026-01-07 03:57:26'),(7117,'TKT-00B9F8F8',3,18000.00,'2026-01-21 21:00:00',1,'2026-01-07 03:57:26'),(7118,'TKT-8F63E07C',3,18000.00,'2026-01-21 21:00:00',1,'2026-01-07 03:57:26'),(7119,'TKT-D37C8955',3,18000.00,'2026-01-21 21:00:00',1,'2026-01-07 03:57:26'),(7120,'TKT-85CF9976',3,18000.00,'2026-01-21 21:00:00',1,'2026-01-07 03:57:26'),(7121,'TKT-101C7A91',3,18000.00,'2026-01-21 21:00:00',1,'2026-01-07 03:57:26'),(7122,'TKT-D87FFB93',3,18000.00,'2026-01-21 21:00:00',1,'2026-01-07 03:57:26'),(7123,'TKT-F7268673',3,18000.00,'2026-01-21 21:00:00',1,'2026-01-07 03:57:27'),(7124,'TKT-A0477EFD',3,18000.00,'2026-01-21 21:00:00',1,'2026-01-07 03:57:27'),(7125,'TKT-E3D75DAF',3,18000.00,'2026-01-21 21:00:00',1,'2026-01-07 03:57:27'),(7126,'TKT-37235D47',3,18000.00,'2026-01-21 21:00:00',1,'2026-01-07 03:57:27'),(7127,'TKT-1269CA70',3,18000.00,'2026-01-21 21:00:00',1,'2026-01-07 03:57:27'),(7128,'TKT-A8BC56CB',3,18000.00,'2026-01-21 21:00:00',1,'2026-01-07 03:57:27'),(7129,'TKT-FB56AD51',3,18000.00,'2026-01-21 21:00:00',1,'2026-01-07 03:57:27'),(7130,'TKT-D4F93531',3,18000.00,'2026-01-21 21:00:00',1,'2026-01-07 03:57:27'),(7131,'TKT-BA9B6363',3,18000.00,'2026-01-21 21:00:00',1,'2026-01-07 03:57:27'),(7132,'TKT-9619E640',3,18000.00,'2026-01-21 21:00:00',1,'2026-01-07 03:57:27'),(7133,'TKT-D38A3B9B',3,18000.00,'2026-01-21 21:00:00',1,'2026-01-07 03:57:27'),(7134,'TKT-1120CB86',3,18000.00,'2026-01-21 21:00:00',1,'2026-01-07 03:57:27'),(7135,'TKT-3E1B424E',3,18000.00,'2026-01-21 21:00:00',1,'2026-01-07 03:57:27'),(7136,'TKT-E5DAA4D0',3,18000.00,'2026-01-21 21:00:00',1,'2026-01-07 03:57:27'),(7137,'TKT-506CBCFC',3,18000.00,'2026-01-21 21:00:00',1,'2026-01-07 03:57:27'),(7138,'TKT-364AFC8D',3,18000.00,'2026-01-21 21:00:00',1,'2026-01-07 03:57:27'),(7139,'TKT-2020CFB7',3,18000.00,'2026-01-21 21:00:00',1,'2026-01-07 03:57:27'),(7140,'TKT-5021890B',3,18000.00,'2026-01-21 21:00:00',1,'2026-01-07 03:57:27'),(7141,'TKT-6738E328',3,18000.00,'2026-01-21 21:00:00',1,'2026-01-07 03:57:27'),(7142,'TKT-D9C24BBC',3,18000.00,'2026-01-21 21:00:00',1,'2026-01-07 03:57:27'),(7143,'TKT-C7D47E78',3,18000.00,'2026-01-21 21:00:00',1,'2026-01-07 03:57:27'),(7144,'TKT-22F2870F',3,18000.00,'2026-01-21 21:00:00',1,'2026-01-07 03:57:27'),(7145,'TKT-397870DB',3,18000.00,'2026-01-21 21:00:00',1,'2026-01-07 03:57:27'),(7146,'TKT-314C5921',3,18000.00,'2026-01-21 21:00:00',1,'2026-01-07 03:57:27'),(7147,'TKT-C027442B',3,18000.00,'2026-01-21 21:00:00',1,'2026-01-07 03:57:27'),(7148,'TKT-871733A7',3,18000.00,'2026-01-21 21:00:00',1,'2026-01-07 03:57:27'),(7149,'TKT-F879F9F2',3,18000.00,'2026-01-21 21:00:00',1,'2026-01-07 03:57:27'),(7150,'TKT-83FED95C',3,18000.00,'2026-01-21 21:00:00',1,'2026-01-07 03:57:27'),(7151,'TKT-1168B6D0',3,18000.00,'2026-01-21 21:00:00',1,'2026-01-07 03:57:27'),(7152,'TKT-02A6745E',3,18000.00,'2026-01-21 21:00:00',1,'2026-01-07 03:57:27'),(7153,'TKT-68CF3A17',3,18000.00,'2026-01-21 21:00:00',1,'2026-01-07 03:57:27'),(7154,'TKT-5FFFC261',3,18000.00,'2026-01-21 21:00:00',1,'2026-01-07 03:57:27'),(7155,'TKT-23C39B89',3,18000.00,'2026-01-21 21:00:00',1,'2026-01-07 03:57:27'),(7156,'TKT-BCEAFDA6',3,18000.00,'2026-01-21 21:00:00',1,'2026-01-07 03:57:27'),(7157,'TKT-6D8E5CC9',3,18000.00,'2026-01-21 21:00:00',1,'2026-01-07 03:57:27'),(7158,'TKT-B99638BD',3,18000.00,'2026-01-21 21:00:00',1,'2026-01-07 03:57:27'),(7159,'TKT-2A20C957',3,18000.00,'2026-01-21 21:00:00',1,'2026-01-07 03:57:27'),(7160,'TKT-9559CF69',3,18000.00,'2026-01-21 21:00:00',1,'2026-01-07 03:57:27'),(7161,'TKT-41D89AA7',4,18000.00,'2026-01-21 21:00:00',1,'2026-01-07 03:57:27'),(7162,'TKT-B92C45E2',4,18000.00,'2026-01-21 21:00:00',1,'2026-01-07 03:57:27'),(7163,'TKT-380936CA',4,18000.00,'2026-01-21 21:00:00',1,'2026-01-07 03:57:27'),(7164,'TKT-4841C800',4,18000.00,'2026-01-21 21:00:00',1,'2026-01-07 03:57:27'),(7165,'TKT-D12DDB48',4,18000.00,'2026-01-21 21:00:00',1,'2026-01-07 03:57:27'),(7166,'TKT-1D3E8BA5',4,18000.00,'2026-01-21 21:00:00',1,'2026-01-07 03:57:27'),(7167,'TKT-5C71A11F',4,18000.00,'2026-01-21 21:00:00',1,'2026-01-07 03:57:28'),(7168,'TKT-ACE97118',4,18000.00,'2026-01-21 21:00:00',1,'2026-01-07 03:57:28'),(7169,'TKT-EC8C5D71',4,18000.00,'2026-01-21 21:00:00',1,'2026-01-07 03:57:28'),(7170,'TKT-22C7A660',4,18000.00,'2026-01-21 21:00:00',1,'2026-01-07 03:57:28'),(7171,'TKT-6E6E7B78',4,18000.00,'2026-01-21 21:00:00',1,'2026-01-07 03:57:28'),(7172,'TKT-FE3E85A7',4,18000.00,'2026-01-21 21:00:00',1,'2026-01-07 03:57:28'),(7173,'TKT-6B8C6D5C',4,18000.00,'2026-01-21 21:00:00',1,'2026-01-07 03:57:28'),(7174,'TKT-45387059',4,18000.00,'2026-01-21 21:00:00',1,'2026-01-07 03:57:28'),(7175,'TKT-7E710ACD',4,18000.00,'2026-01-21 21:00:00',1,'2026-01-07 03:57:28'),(7176,'TKT-D10D2795',4,18000.00,'2026-01-21 21:00:00',1,'2026-01-07 03:57:28'),(7177,'TKT-E477D8CE',4,18000.00,'2026-01-21 21:00:00',1,'2026-01-07 03:57:28'),(7178,'TKT-ACD73E59',4,18000.00,'2026-01-21 21:00:00',1,'2026-01-07 03:57:28'),(7179,'TKT-753E04A2',4,18000.00,'2026-01-21 21:00:00',1,'2026-01-07 03:57:28'),(7180,'TKT-5BB2597E',4,18000.00,'2026-01-21 21:00:00',1,'2026-01-07 03:57:28'),(7181,'TKT-8184C4EE',4,18000.00,'2026-01-21 21:00:00',1,'2026-01-07 03:57:28'),(7182,'TKT-0B7D63FA',4,18000.00,'2026-01-21 21:00:00',1,'2026-01-07 03:57:28'),(7183,'TKT-4F1ECE0E',4,18000.00,'2026-01-21 21:00:00',1,'2026-01-07 03:57:28'),(7184,'TKT-C067C839',4,18000.00,'2026-01-21 21:00:00',1,'2026-01-07 03:57:28'),(7185,'TKT-71DFE372',4,18000.00,'2026-01-21 21:00:00',1,'2026-01-07 03:57:28'),(7186,'TKT-EE017002',4,18000.00,'2026-01-21 21:00:00',1,'2026-01-07 03:57:28'),(7187,'TKT-D9707353',4,18000.00,'2026-01-21 21:00:00',1,'2026-01-07 03:57:28'),(7188,'TKT-377BB052',4,18000.00,'2026-01-21 21:00:00',1,'2026-01-07 03:57:28'),(7189,'TKT-742F0356',4,18000.00,'2026-01-21 21:00:00',1,'2026-01-07 03:57:28'),(7190,'TKT-3BC4638A',4,18000.00,'2026-01-21 21:00:00',1,'2026-01-07 03:57:28'),(7191,'TKT-CD8E2E01',4,18000.00,'2026-01-21 21:00:00',1,'2026-01-07 03:57:28'),(7192,'TKT-4E4519D1',4,18000.00,'2026-01-21 21:00:00',1,'2026-01-07 03:57:28'),(7193,'TKT-BA4EF1B5',4,18000.00,'2026-01-21 21:00:00',1,'2026-01-07 03:57:28'),(7194,'TKT-04DDDCB7',4,18000.00,'2026-01-21 21:00:00',1,'2026-01-07 03:57:28'),(7195,'TKT-2824D298',4,18000.00,'2026-01-21 21:00:00',1,'2026-01-07 03:57:28'),(7196,'TKT-5623EF3C',4,18000.00,'2026-01-21 21:00:00',1,'2026-01-07 03:57:28'),(7197,'TKT-8C837BC3',4,18000.00,'2026-01-21 21:00:00',1,'2026-01-07 03:57:28'),(7198,'TKT-CC3F567C',4,18000.00,'2026-01-21 21:00:00',1,'2026-01-07 03:57:28'),(7199,'TKT-85C6AD59',4,18000.00,'2026-01-21 21:00:00',1,'2026-01-07 03:57:28'),(7200,'TKT-AFEBC6D3',4,18000.00,'2026-01-21 21:00:00',1,'2026-01-07 03:57:28'),(7201,'TKT-AA99FAD8',4,18000.00,'2026-01-21 21:00:00',1,'2026-01-07 03:57:28'),(7202,'TKT-AE783280',4,18000.00,'2026-01-21 21:00:00',1,'2026-01-07 03:57:28'),(7203,'TKT-DA499CA9',4,18000.00,'2026-01-21 21:00:00',1,'2026-01-07 03:57:28'),(7204,'TKT-2CD10AF6',4,18000.00,'2026-01-21 21:00:00',1,'2026-01-07 03:57:28'),(7205,'TKT-1BFBD3F5',4,18000.00,'2026-01-21 21:00:00',1,'2026-01-07 03:57:28'),(7206,'TKT-17A6722F',4,18000.00,'2026-01-21 21:00:00',1,'2026-01-07 03:57:28'),(7207,'TKT-A6521375',4,18000.00,'2026-01-21 21:00:00',1,'2026-01-07 03:57:28'),(7208,'TKT-AF7FE7F4',4,18000.00,'2026-01-21 21:00:00',1,'2026-01-07 03:57:28'),(7209,'TKT-E4A214FA',4,18000.00,'2026-01-21 21:00:00',1,'2026-01-07 03:57:28'),(7210,'TKT-1DDF7C2C',4,18000.00,'2026-01-21 21:00:00',1,'2026-01-07 03:57:28'),(7211,'TKT-078FCB00',4,18000.00,'2026-01-21 21:00:00',1,'2026-01-07 03:57:29'),(7212,'TKT-0D3BDA00',4,18000.00,'2026-01-21 21:00:00',1,'2026-01-07 03:57:29'),(7213,'TKT-108480EF',4,18000.00,'2026-01-21 21:00:00',1,'2026-01-07 03:57:29'),(7214,'TKT-DD2BCC0E',4,18000.00,'2026-01-21 21:00:00',1,'2026-01-07 03:57:29'),(7215,'TKT-E4AAAFD7',4,18000.00,'2026-01-21 21:00:00',1,'2026-01-07 03:57:29'),(7216,'TKT-4D739CFA',4,18000.00,'2026-01-21 21:00:00',1,'2026-01-07 03:57:29'),(7217,'TKT-9F6BECD0',4,18000.00,'2026-01-21 21:00:00',1,'2026-01-07 03:57:29'),(7218,'TKT-2B62FD69',4,18000.00,'2026-01-21 21:00:00',1,'2026-01-07 03:57:29'),(7219,'TKT-8CFDE155',4,18000.00,'2026-01-21 21:00:00',1,'2026-01-07 03:57:29'),(7220,'TKT-E7EDFAE0',4,18000.00,'2026-01-21 21:00:00',1,'2026-01-07 03:57:29'),(7221,'TKT-812690FC',4,18000.00,'2026-01-21 21:00:00',1,'2026-01-07 03:57:29'),(7222,'TKT-F0C62325',4,18000.00,'2026-01-21 21:00:00',1,'2026-01-07 03:57:29'),(7223,'TKT-0140CBAF',4,18000.00,'2026-01-21 21:00:00',1,'2026-01-07 03:57:29'),(7224,'TKT-EED4AF81',4,18000.00,'2026-01-21 21:00:00',1,'2026-01-07 03:57:29'),(7225,'TKT-0AD7A782',4,18000.00,'2026-01-21 21:00:00',1,'2026-01-07 03:57:29'),(7226,'TKT-7BC67A48',4,18000.00,'2026-01-21 21:00:00',1,'2026-01-07 03:57:29'),(7227,'TKT-DBAA7F4E',4,18000.00,'2026-01-21 21:00:00',1,'2026-01-07 03:57:29'),(7228,'TKT-FB1CD194',4,18000.00,'2026-01-21 21:00:00',1,'2026-01-07 03:57:29'),(7229,'TKT-FF51FBEA',4,18000.00,'2026-01-21 21:00:00',1,'2026-01-07 03:57:29'),(7230,'TKT-E68BF2D0',4,18000.00,'2026-01-21 21:00:00',1,'2026-01-07 03:57:29'),(7231,'TKT-E770CCB3',4,18000.00,'2026-01-21 21:00:00',1,'2026-01-07 03:57:29'),(7232,'TKT-89CD79B8',4,18000.00,'2026-01-21 21:00:00',1,'2026-01-07 03:57:29'),(7233,'TKT-4363D262',4,18000.00,'2026-01-21 21:00:00',1,'2026-01-07 03:57:29'),(7234,'TKT-EA4495FF',4,18000.00,'2026-01-21 21:00:00',1,'2026-01-07 03:57:29'),(7235,'TKT-6B0ACA90',4,18000.00,'2026-01-21 21:00:00',1,'2026-01-07 03:57:29'),(7236,'TKT-EABAB4CC',4,18000.00,'2026-01-21 21:00:00',1,'2026-01-07 03:57:29'),(7237,'TKT-8CFAAA0E',4,18000.00,'2026-01-21 21:00:00',1,'2026-01-07 03:57:29'),(7238,'TKT-E39E7651',4,18000.00,'2026-01-21 21:00:00',1,'2026-01-07 03:57:29'),(7239,'TKT-03E7EDD7',4,18000.00,'2026-01-21 21:00:00',1,'2026-01-07 03:57:29'),(7240,'TKT-FE66B7E7',4,18000.00,'2026-01-21 21:00:00',1,'2026-01-07 03:57:29'),(7241,'TKT-58C22E02',4,18000.00,'2026-01-21 21:00:00',1,'2026-01-07 03:57:29'),(7242,'TKT-59A7DA08',4,18000.00,'2026-01-21 21:00:00',1,'2026-01-07 03:57:29'),(7243,'TKT-978C47CE',4,18000.00,'2026-01-21 21:00:00',1,'2026-01-07 03:57:29'),(7244,'TKT-3B396A12',4,18000.00,'2026-01-21 21:00:00',1,'2026-01-07 03:57:29'),(7245,'TKT-DE38F3D1',4,18000.00,'2026-01-21 21:00:00',1,'2026-01-07 03:57:29'),(7246,'TKT-4418FAEA',4,18000.00,'2026-01-21 21:00:00',1,'2026-01-07 03:57:29'),(7247,'TKT-62A9AF03',4,18000.00,'2026-01-21 21:00:00',1,'2026-01-07 03:57:29'),(7248,'TKT-D032F407',4,18000.00,'2026-01-21 21:00:00',1,'2026-01-07 03:57:29'),(7249,'TKT-E381F42E',4,18000.00,'2026-01-21 21:00:00',1,'2026-01-07 03:57:29'),(7250,'TKT-37A0F0E5',4,18000.00,'2026-01-21 21:00:00',1,'2026-01-07 03:57:29'),(7251,'TKT-1A4FAEEB',4,18000.00,'2026-01-21 21:00:00',1,'2026-01-07 03:57:29'),(7252,'TKT-B231B9EC',4,18000.00,'2026-01-21 21:00:00',1,'2026-01-07 03:57:29'),(7253,'TKT-B60ECBDA',4,18000.00,'2026-01-21 21:00:00',1,'2026-01-07 03:57:29'),(7254,'TKT-966F7CD1',4,18000.00,'2026-01-21 21:00:00',1,'2026-01-07 03:57:29'),(7255,'TKT-CFDE9C6B',4,18000.00,'2026-01-21 21:00:00',1,'2026-01-07 03:57:29'),(7256,'TKT-2BFC444E',4,18000.00,'2026-01-21 21:00:00',1,'2026-01-07 03:57:29'),(7257,'TKT-8B0FB894',4,18000.00,'2026-01-21 21:00:00',1,'2026-01-07 03:57:29'),(7258,'TKT-AF5FDEA6',4,18000.00,'2026-01-21 21:00:00',1,'2026-01-07 03:57:29'),(7259,'TKT-F60F3DDC',4,18000.00,'2026-01-21 21:00:00',1,'2026-01-07 03:57:30'),(7260,'TKT-D0D5D816',4,18000.00,'2026-01-21 21:00:00',1,'2026-01-07 03:57:30'),(7261,'TKT-DD411782',1,8000.00,'2026-01-30 21:00:00',0,'2026-01-07 03:58:26'),(7262,'TKT-6AFE6043',1,8000.00,'2026-01-30 21:00:00',1,'2026-01-07 03:58:26'),(7263,'TKT-4AD747CF',1,8000.00,'2026-01-30 21:00:00',1,'2026-01-07 03:58:26'),(7264,'TKT-BE0F2CF2',1,8000.00,'2026-01-30 21:00:00',1,'2026-01-07 03:58:26'),(7265,'TKT-F6E3BA98',1,8000.00,'2026-01-30 21:00:00',1,'2026-01-07 03:58:26'),(7266,'TKT-2604C8F3',1,8000.00,'2026-01-30 21:00:00',1,'2026-01-07 03:58:26'),(7267,'TKT-54F65851',1,8000.00,'2026-01-30 21:00:00',1,'2026-01-07 03:58:26'),(7268,'TKT-257AA471',1,8000.00,'2026-01-30 21:00:00',1,'2026-01-07 03:58:26'),(7269,'TKT-1E33DDCC',1,8000.00,'2026-01-30 21:00:00',1,'2026-01-07 03:58:26'),(7270,'TKT-A56DE635',1,8000.00,'2026-01-30 21:00:00',1,'2026-01-07 03:58:26'),(7271,'TKT-DAF6CE4F',1,8000.00,'2026-01-30 21:00:00',1,'2026-01-07 03:58:26'),(7272,'TKT-DC3C932E',1,8000.00,'2026-01-30 21:00:00',1,'2026-01-07 03:58:26'),(7273,'TKT-EFF1B8BA',1,8000.00,'2026-01-30 21:00:00',1,'2026-01-07 03:58:26'),(7274,'TKT-F7730B5B',1,8000.00,'2026-01-30 21:00:00',1,'2026-01-07 03:58:26'),(7275,'TKT-0EEEAB0E',1,8000.00,'2026-01-30 21:00:00',1,'2026-01-07 03:58:26'),(7276,'TKT-89E3ABE0',1,8000.00,'2026-01-30 21:00:00',1,'2026-01-07 03:58:26'),(7277,'TKT-7D5AAD9F',1,8000.00,'2026-01-30 21:00:00',1,'2026-01-07 03:58:26'),(7278,'TKT-D2232B25',1,8000.00,'2026-01-30 21:00:00',1,'2026-01-07 03:58:26'),(7279,'TKT-4EB1D1AC',1,8000.00,'2026-01-30 21:00:00',1,'2026-01-07 03:58:26'),(7280,'TKT-D1BEA327',1,8000.00,'2026-01-30 21:00:00',1,'2026-01-07 03:58:26'),(7281,'TKT-0CEE6062',1,8000.00,'2026-01-30 21:00:00',1,'2026-01-07 03:58:27'),(7282,'TKT-07344E54',1,8000.00,'2026-01-30 21:00:00',1,'2026-01-07 03:58:27'),(7283,'TKT-72C0D6A5',1,8000.00,'2026-01-30 21:00:00',1,'2026-01-07 03:58:27'),(7284,'TKT-CF4A5855',1,8000.00,'2026-01-30 21:00:00',1,'2026-01-07 03:58:27'),(7285,'TKT-533B792F',1,8000.00,'2026-01-30 21:00:00',1,'2026-01-07 03:58:27'),(7286,'TKT-484E370D',1,8000.00,'2026-01-30 21:00:00',1,'2026-01-07 03:58:27'),(7287,'TKT-E1493DEC',1,8000.00,'2026-01-30 21:00:00',1,'2026-01-07 03:58:27'),(7288,'TKT-7335C434',1,8000.00,'2026-01-30 21:00:00',1,'2026-01-07 03:58:27'),(7289,'TKT-FB80971C',1,8000.00,'2026-01-30 21:00:00',1,'2026-01-07 03:58:27'),(7290,'TKT-E266F2D3',1,8000.00,'2026-01-30 21:00:00',1,'2026-01-07 03:58:27'),(7291,'TKT-0993F5A5',1,8000.00,'2026-01-30 21:00:00',1,'2026-01-07 03:58:27'),(7292,'TKT-B4BE6BE2',1,8000.00,'2026-01-30 21:00:00',1,'2026-01-07 03:58:27'),(7293,'TKT-32162789',1,8000.00,'2026-01-30 21:00:00',1,'2026-01-07 03:58:27'),(7294,'TKT-85C6A2D3',1,8000.00,'2026-01-30 21:00:00',1,'2026-01-07 03:58:27'),(7295,'TKT-7D310980',1,8000.00,'2026-01-30 21:00:00',1,'2026-01-07 03:58:27'),(7296,'TKT-CA24F572',1,8000.00,'2026-01-30 21:00:00',1,'2026-01-07 03:58:27'),(7297,'TKT-AE658750',1,8000.00,'2026-01-30 21:00:00',1,'2026-01-07 03:58:27'),(7298,'TKT-752A744E',1,8000.00,'2026-01-30 21:00:00',1,'2026-01-07 03:58:27'),(7299,'TKT-770C1841',1,8000.00,'2026-01-30 21:00:00',1,'2026-01-07 03:58:27'),(7300,'TKT-66398193',1,8000.00,'2026-01-30 21:00:00',1,'2026-01-07 03:58:27'),(7301,'TKT-C206EBC5',1,8000.00,'2026-01-30 21:00:00',1,'2026-01-07 03:58:27'),(7302,'TKT-7F26EE2B',1,8000.00,'2026-01-30 21:00:00',1,'2026-01-07 03:58:27'),(7303,'TKT-AC2697D3',1,8000.00,'2026-01-30 21:00:00',1,'2026-01-07 03:58:27'),(7304,'TKT-B5F6866A',1,8000.00,'2026-01-30 21:00:00',1,'2026-01-07 03:58:27'),(7305,'TKT-59E5CCF2',1,8000.00,'2026-01-30 21:00:00',1,'2026-01-07 03:58:27'),(7306,'TKT-6295A64B',1,8000.00,'2026-01-30 21:00:00',1,'2026-01-07 03:58:27'),(7307,'TKT-FBF497A6',1,8000.00,'2026-01-30 21:00:00',1,'2026-01-07 03:58:27'),(7308,'TKT-E044A9FE',1,8000.00,'2026-01-30 21:00:00',1,'2026-01-07 03:58:27'),(7309,'TKT-A8BC5B30',1,8000.00,'2026-01-30 21:00:00',1,'2026-01-07 03:58:27'),(7310,'TKT-E000DBDF',1,8000.00,'2026-01-30 21:00:00',1,'2026-01-07 03:58:27'),(7311,'TKT-44B06C64',1,8000.00,'2026-01-30 21:00:00',1,'2026-01-07 03:58:27'),(7312,'TKT-23E0A2D8',1,8000.00,'2026-01-30 21:00:00',1,'2026-01-07 03:58:27'),(7313,'TKT-288BBE50',1,8000.00,'2026-01-30 21:00:00',1,'2026-01-07 03:58:27'),(7314,'TKT-009E1E42',1,8000.00,'2026-01-30 21:00:00',1,'2026-01-07 03:58:27'),(7315,'TKT-502C2D3F',1,8000.00,'2026-01-30 21:00:00',1,'2026-01-07 03:58:27'),(7316,'TKT-0A1C6040',1,8000.00,'2026-01-30 21:00:00',1,'2026-01-07 03:58:27'),(7317,'TKT-40244965',1,8000.00,'2026-01-30 21:00:00',1,'2026-01-07 03:58:27'),(7318,'TKT-34D6B9A3',1,8000.00,'2026-01-30 21:00:00',1,'2026-01-07 03:58:27'),(7319,'TKT-B43FE612',1,8000.00,'2026-01-30 21:00:00',1,'2026-01-07 03:58:27'),(7320,'TKT-BEE95B66',1,8000.00,'2026-01-30 21:00:00',1,'2026-01-07 03:58:27'),(7321,'TKT-81C47E12',1,8000.00,'2026-01-30 21:00:00',1,'2026-01-07 03:58:27'),(7322,'TKT-FA2316BF',1,8000.00,'2026-01-30 21:00:00',1,'2026-01-07 03:58:27'),(7323,'TKT-C226534C',1,8000.00,'2026-01-30 21:00:00',1,'2026-01-07 03:58:27'),(7324,'TKT-4AA8276C',1,8000.00,'2026-01-30 21:00:00',1,'2026-01-07 03:58:27'),(7325,'TKT-0BF4DB66',1,8000.00,'2026-01-30 21:00:00',1,'2026-01-07 03:58:27'),(7326,'TKT-8B22572E',1,8000.00,'2026-01-30 21:00:00',1,'2026-01-07 03:58:27'),(7327,'TKT-4C767461',1,8000.00,'2026-01-30 21:00:00',1,'2026-01-07 03:58:27'),(7328,'TKT-05E5057D',1,8000.00,'2026-01-30 21:00:00',1,'2026-01-07 03:58:27'),(7329,'TKT-7E7FFC9D',1,8000.00,'2026-01-30 21:00:00',1,'2026-01-07 03:58:28'),(7330,'TKT-1126D70D',1,8000.00,'2026-01-30 21:00:00',1,'2026-01-07 03:58:28'),(7331,'TKT-10F9AE02',1,8000.00,'2026-01-30 21:00:00',1,'2026-01-07 03:58:28'),(7332,'TKT-3CAA4C8C',1,8000.00,'2026-01-30 21:00:00',1,'2026-01-07 03:58:28'),(7333,'TKT-485789BC',1,8000.00,'2026-01-30 21:00:00',1,'2026-01-07 03:58:28'),(7334,'TKT-A69460B3',1,8000.00,'2026-01-30 21:00:00',1,'2026-01-07 03:58:28'),(7335,'TKT-39AE187E',1,8000.00,'2026-01-30 21:00:00',1,'2026-01-07 03:58:28'),(7336,'TKT-F08322E8',1,8000.00,'2026-01-30 21:00:00',1,'2026-01-07 03:58:28'),(7337,'TKT-C05638D2',1,8000.00,'2026-01-30 21:00:00',1,'2026-01-07 03:58:28'),(7338,'TKT-6BE72C71',1,8000.00,'2026-01-30 21:00:00',1,'2026-01-07 03:58:28'),(7339,'TKT-76260A71',1,8000.00,'2026-01-30 21:00:00',1,'2026-01-07 03:58:28'),(7340,'TKT-8F1ECAD2',1,8000.00,'2026-01-30 21:00:00',1,'2026-01-07 03:58:28'),(7341,'TKT-0710834F',1,8000.00,'2026-01-30 21:00:00',1,'2026-01-07 03:58:28'),(7342,'TKT-E38C32B0',1,8000.00,'2026-01-30 21:00:00',1,'2026-01-07 03:58:28'),(7343,'TKT-8ED86BA2',1,8000.00,'2026-01-30 21:00:00',1,'2026-01-07 03:58:28'),(7344,'TKT-6EE06A91',1,8000.00,'2026-01-30 21:00:00',1,'2026-01-07 03:58:28'),(7345,'TKT-128F46E9',1,8000.00,'2026-01-30 21:00:00',1,'2026-01-07 03:58:28'),(7346,'TKT-3C6CD7AE',1,8000.00,'2026-01-30 21:00:00',1,'2026-01-07 03:58:28'),(7347,'TKT-B72F3324',1,8000.00,'2026-01-30 21:00:00',1,'2026-01-07 03:58:28'),(7348,'TKT-5953DDF6',1,8000.00,'2026-01-30 21:00:00',1,'2026-01-07 03:58:28'),(7349,'TKT-07647DD1',1,8000.00,'2026-01-30 21:00:00',1,'2026-01-07 03:58:28'),(7350,'TKT-7B41B534',1,8000.00,'2026-01-30 21:00:00',1,'2026-01-07 03:58:28'),(7351,'TKT-C1D8CFEC',1,8000.00,'2026-01-30 21:00:00',1,'2026-01-07 03:58:28'),(7352,'TKT-57986894',1,8000.00,'2026-01-30 21:00:00',1,'2026-01-07 03:58:28'),(7353,'TKT-C2F6A683',1,8000.00,'2026-01-30 21:00:00',1,'2026-01-07 03:58:28'),(7354,'TKT-5C96F192',1,8000.00,'2026-01-30 21:00:00',1,'2026-01-07 03:58:28'),(7355,'TKT-5BA62AA3',1,8000.00,'2026-01-30 21:00:00',1,'2026-01-07 03:58:28'),(7356,'TKT-3D4BC02F',1,8000.00,'2026-01-30 21:00:00',1,'2026-01-07 03:58:28'),(7357,'TKT-C205673B',1,8000.00,'2026-01-30 21:00:00',1,'2026-01-07 03:58:28'),(7358,'TKT-4B89B0A9',1,8000.00,'2026-01-30 21:00:00',1,'2026-01-07 03:58:28'),(7359,'TKT-FE673F94',1,8000.00,'2026-01-30 21:00:00',1,'2026-01-07 03:58:28'),(7360,'TKT-2975D058',1,8000.00,'2026-01-30 21:00:00',1,'2026-01-07 03:58:28'),(7361,'TKT-E67FE626',2,12000.00,'2026-01-30 21:00:00',1,'2026-01-07 03:58:28'),(7362,'TKT-F1500145',2,12000.00,'2026-01-30 21:00:00',1,'2026-01-07 03:58:28'),(7363,'TKT-E1BCE9A0',2,12000.00,'2026-01-30 21:00:00',1,'2026-01-07 03:58:28'),(7364,'TKT-C777B637',2,12000.00,'2026-01-30 21:00:00',1,'2026-01-07 03:58:28'),(7365,'TKT-6D1C2992',2,12000.00,'2026-01-30 21:00:00',1,'2026-01-07 03:58:28'),(7366,'TKT-D23EBAEC',2,12000.00,'2026-01-30 21:00:00',1,'2026-01-07 03:58:29'),(7367,'TKT-D927E63D',2,12000.00,'2026-01-30 21:00:00',1,'2026-01-07 03:58:29'),(7368,'TKT-68A8E176',2,12000.00,'2026-01-30 21:00:00',1,'2026-01-07 03:58:29'),(7369,'TKT-3673DA49',2,12000.00,'2026-01-30 21:00:00',1,'2026-01-07 03:58:29'),(7370,'TKT-4F461CBE',2,12000.00,'2026-01-30 21:00:00',1,'2026-01-07 03:58:29'),(7371,'TKT-BA97EC89',2,12000.00,'2026-01-30 21:00:00',1,'2026-01-07 03:58:29'),(7372,'TKT-B0BD874D',2,12000.00,'2026-01-30 21:00:00',1,'2026-01-07 03:58:29'),(7373,'TKT-A763C713',2,12000.00,'2026-01-30 21:00:00',1,'2026-01-07 03:58:29'),(7374,'TKT-42D83FD8',2,12000.00,'2026-01-30 21:00:00',1,'2026-01-07 03:58:29'),(7375,'TKT-90B192C0',2,12000.00,'2026-01-30 21:00:00',1,'2026-01-07 03:58:29'),(7376,'TKT-247BFE7A',2,12000.00,'2026-01-30 21:00:00',1,'2026-01-07 03:58:29'),(7377,'TKT-3AB8A083',2,12000.00,'2026-01-30 21:00:00',1,'2026-01-07 03:58:29'),(7378,'TKT-2D1A42DC',2,12000.00,'2026-01-30 21:00:00',1,'2026-01-07 03:58:29'),(7379,'TKT-198AA6DD',2,12000.00,'2026-01-30 21:00:00',1,'2026-01-07 03:58:29'),(7380,'TKT-2F46B602',2,12000.00,'2026-01-30 21:00:00',1,'2026-01-07 03:58:29'),(7381,'TKT-2807CFBE',2,12000.00,'2026-01-30 21:00:00',1,'2026-01-07 03:58:29'),(7382,'TKT-1C49DF26',2,12000.00,'2026-01-30 21:00:00',1,'2026-01-07 03:58:29'),(7383,'TKT-9C89411E',2,12000.00,'2026-01-30 21:00:00',1,'2026-01-07 03:58:29'),(7384,'TKT-88A28A3C',2,12000.00,'2026-01-30 21:00:00',1,'2026-01-07 03:58:29'),(7385,'TKT-B5C01E24',2,12000.00,'2026-01-30 21:00:00',1,'2026-01-07 03:58:29'),(7386,'TKT-7FDE8FDA',2,12000.00,'2026-01-30 21:00:00',1,'2026-01-07 03:58:29'),(7387,'TKT-9A9D5B15',2,12000.00,'2026-01-30 21:00:00',1,'2026-01-07 03:58:29'),(7388,'TKT-F843AE1E',2,12000.00,'2026-01-30 21:00:00',1,'2026-01-07 03:58:29'),(7389,'TKT-5161E3C6',2,12000.00,'2026-01-30 21:00:00',1,'2026-01-07 03:58:29'),(7390,'TKT-397E4D37',2,12000.00,'2026-01-30 21:00:00',1,'2026-01-07 03:58:29'),(7391,'TKT-E0BE3543',2,12000.00,'2026-01-30 21:00:00',1,'2026-01-07 03:58:29'),(7392,'TKT-ADCF8A91',2,12000.00,'2026-01-30 21:00:00',1,'2026-01-07 03:58:29'),(7393,'TKT-1FF771E8',2,12000.00,'2026-01-30 21:00:00',1,'2026-01-07 03:58:29'),(7394,'TKT-118178B0',2,12000.00,'2026-01-30 21:00:00',1,'2026-01-07 03:58:29'),(7395,'TKT-5533CDD3',2,12000.00,'2026-01-30 21:00:00',1,'2026-01-07 03:58:29'),(7396,'TKT-688641D4',2,12000.00,'2026-01-30 21:00:00',1,'2026-01-07 03:58:29'),(7397,'TKT-1B6C02D7',2,12000.00,'2026-01-30 21:00:00',1,'2026-01-07 03:58:29'),(7398,'TKT-9EEE8E60',2,12000.00,'2026-01-30 21:00:00',1,'2026-01-07 03:58:29'),(7399,'TKT-5BE9004F',2,12000.00,'2026-01-30 21:00:00',1,'2026-01-07 03:58:29'),(7400,'TKT-6C7267F2',2,12000.00,'2026-01-30 21:00:00',1,'2026-01-07 03:58:29'),(7401,'TKT-CE8F6DF7',2,12000.00,'2026-01-30 21:00:00',1,'2026-01-07 03:58:29'),(7402,'TKT-685E97AC',2,12000.00,'2026-01-30 21:00:00',1,'2026-01-07 03:58:29'),(7403,'TKT-AC422EBB',2,12000.00,'2026-01-30 21:00:00',1,'2026-01-07 03:58:29'),(7404,'TKT-00325350',2,12000.00,'2026-01-30 21:00:00',1,'2026-01-07 03:58:29'),(7405,'TKT-E8E58FA4',2,12000.00,'2026-01-30 21:00:00',1,'2026-01-07 03:58:29'),(7406,'TKT-5C82BA3E',2,12000.00,'2026-01-30 21:00:00',1,'2026-01-07 03:58:29'),(7407,'TKT-671C0C84',2,12000.00,'2026-01-30 21:00:00',1,'2026-01-07 03:58:30'),(7408,'TKT-3DD50E77',2,12000.00,'2026-01-30 21:00:00',1,'2026-01-07 03:58:30'),(7409,'TKT-E04EECA2',2,12000.00,'2026-01-30 21:00:00',1,'2026-01-07 03:58:30'),(7410,'TKT-96D03BD0',2,12000.00,'2026-01-30 21:00:00',1,'2026-01-07 03:58:30'),(7411,'TKT-49896F50',2,12000.00,'2026-01-30 21:00:00',1,'2026-01-07 03:58:30'),(7412,'TKT-B7685BFD',2,12000.00,'2026-01-30 21:00:00',1,'2026-01-07 03:58:30'),(7413,'TKT-39509556',2,12000.00,'2026-01-30 21:00:00',1,'2026-01-07 03:58:30'),(7414,'TKT-D52AD3DB',2,12000.00,'2026-01-30 21:00:00',1,'2026-01-07 03:58:30'),(7415,'TKT-8513BDBF',2,12000.00,'2026-01-30 21:00:00',1,'2026-01-07 03:58:30'),(7416,'TKT-F7782CF0',2,12000.00,'2026-01-30 21:00:00',1,'2026-01-07 03:58:30'),(7417,'TKT-2D9B2AB6',2,12000.00,'2026-01-30 21:00:00',1,'2026-01-07 03:58:30'),(7418,'TKT-04BB163B',2,12000.00,'2026-01-30 21:00:00',1,'2026-01-07 03:58:30'),(7419,'TKT-5948F46D',2,12000.00,'2026-01-30 21:00:00',1,'2026-01-07 03:58:30'),(7420,'TKT-A4ABCB91',2,12000.00,'2026-01-30 21:00:00',1,'2026-01-07 03:58:30'),(7421,'TKT-F846B8FC',2,12000.00,'2026-01-30 21:00:00',1,'2026-01-07 03:58:30'),(7422,'TKT-680AEE12',2,12000.00,'2026-01-30 21:00:00',1,'2026-01-07 03:58:30'),(7423,'TKT-91E63C64',2,12000.00,'2026-01-30 21:00:00',1,'2026-01-07 03:58:30'),(7424,'TKT-F4409881',2,12000.00,'2026-01-30 21:00:00',1,'2026-01-07 03:58:30'),(7425,'TKT-7AB5C1EF',2,12000.00,'2026-01-30 21:00:00',1,'2026-01-07 03:58:30'),(7426,'TKT-C381376C',2,12000.00,'2026-01-30 21:00:00',1,'2026-01-07 03:58:30'),(7427,'TKT-3778EBC4',2,12000.00,'2026-01-30 21:00:00',1,'2026-01-07 03:58:30'),(7428,'TKT-DD26D305',2,12000.00,'2026-01-30 21:00:00',1,'2026-01-07 03:58:30'),(7429,'TKT-EB828749',2,12000.00,'2026-01-30 21:00:00',1,'2026-01-07 03:58:30'),(7430,'TKT-59E0E740',2,12000.00,'2026-01-30 21:00:00',1,'2026-01-07 03:58:30'),(7431,'TKT-1218489F',2,12000.00,'2026-01-30 21:00:00',1,'2026-01-07 03:58:30'),(7432,'TKT-9078611C',2,12000.00,'2026-01-30 21:00:00',1,'2026-01-07 03:58:30'),(7433,'TKT-17D35FF7',2,12000.00,'2026-01-30 21:00:00',1,'2026-01-07 03:58:30'),(7434,'TKT-B77CD461',2,12000.00,'2026-01-30 21:00:00',1,'2026-01-07 03:58:30'),(7435,'TKT-D3945F8E',2,12000.00,'2026-01-30 21:00:00',1,'2026-01-07 03:58:30'),(7436,'TKT-768C4364',2,12000.00,'2026-01-30 21:00:00',1,'2026-01-07 03:58:30'),(7437,'TKT-7C87BCC2',2,12000.00,'2026-01-30 21:00:00',1,'2026-01-07 03:58:30'),(7438,'TKT-3DDB8F32',2,12000.00,'2026-01-30 21:00:00',1,'2026-01-07 03:58:30'),(7439,'TKT-D577A4E9',2,12000.00,'2026-01-30 21:00:00',1,'2026-01-07 03:58:30'),(7440,'TKT-8C8FBCD8',2,12000.00,'2026-01-30 21:00:00',1,'2026-01-07 03:58:30'),(7441,'TKT-37288F86',2,12000.00,'2026-01-30 21:00:00',1,'2026-01-07 03:58:30'),(7442,'TKT-A701F3B7',2,12000.00,'2026-01-30 21:00:00',1,'2026-01-07 03:58:30'),(7443,'TKT-B79DDFED',2,12000.00,'2026-01-30 21:00:00',1,'2026-01-07 03:58:30'),(7444,'TKT-F8F30703',2,12000.00,'2026-01-30 21:00:00',1,'2026-01-07 03:58:30'),(7445,'TKT-B451A8AD',2,12000.00,'2026-01-30 21:00:00',1,'2026-01-07 03:58:30'),(7446,'TKT-FB17C7D5',2,12000.00,'2026-01-30 21:00:00',1,'2026-01-07 03:58:30'),(7447,'TKT-835F1B85',2,12000.00,'2026-01-30 21:00:00',1,'2026-01-07 03:58:30'),(7448,'TKT-31973923',2,12000.00,'2026-01-30 21:00:00',1,'2026-01-07 03:58:30'),(7449,'TKT-61AC653F',2,12000.00,'2026-01-30 21:00:00',1,'2026-01-07 03:58:30'),(7450,'TKT-A124CDF8',2,12000.00,'2026-01-30 21:00:00',1,'2026-01-07 03:58:31'),(7451,'TKT-06FC9CE9',2,12000.00,'2026-01-30 21:00:00',1,'2026-01-07 03:58:31'),(7452,'TKT-53C74682',2,12000.00,'2026-01-30 21:00:00',1,'2026-01-07 03:58:31'),(7453,'TKT-E466DCA3',2,12000.00,'2026-01-30 21:00:00',1,'2026-01-07 03:58:31'),(7454,'TKT-B80336EA',2,12000.00,'2026-01-30 21:00:00',1,'2026-01-07 03:58:31'),(7455,'TKT-3A886C98',2,12000.00,'2026-01-30 21:00:00',1,'2026-01-07 03:58:31'),(7456,'TKT-C7D75C1A',2,12000.00,'2026-01-30 21:00:00',1,'2026-01-07 03:58:31'),(7457,'TKT-98749BC7',2,12000.00,'2026-01-30 21:00:00',1,'2026-01-07 03:58:31'),(7458,'TKT-CBD25AC1',2,12000.00,'2026-01-30 21:00:00',1,'2026-01-07 03:58:31'),(7459,'TKT-15732187',2,12000.00,'2026-01-30 21:00:00',1,'2026-01-07 03:58:31'),(7460,'TKT-540FA6ED',2,12000.00,'2026-01-30 21:00:00',1,'2026-01-07 03:58:31'),(7461,'TKT-BD6368AF',3,18000.00,'2026-01-30 21:00:00',1,'2026-01-07 03:58:31'),(7462,'TKT-597408F1',3,18000.00,'2026-01-30 21:00:00',1,'2026-01-07 03:58:31'),(7463,'TKT-CE20212B',3,18000.00,'2026-01-30 21:00:00',1,'2026-01-07 03:58:31'),(7464,'TKT-750CB8E0',3,18000.00,'2026-01-30 21:00:00',1,'2026-01-07 03:58:31'),(7465,'TKT-D439981D',3,18000.00,'2026-01-30 21:00:00',1,'2026-01-07 03:58:31'),(7466,'TKT-186F440B',3,18000.00,'2026-01-30 21:00:00',1,'2026-01-07 03:58:31'),(7467,'TKT-CEF3CB98',3,18000.00,'2026-01-30 21:00:00',1,'2026-01-07 03:58:31'),(7468,'TKT-4EA723E0',3,18000.00,'2026-01-30 21:00:00',1,'2026-01-07 03:58:31'),(7469,'TKT-950442AD',3,18000.00,'2026-01-30 21:00:00',1,'2026-01-07 03:58:31'),(7470,'TKT-B68AF106',3,18000.00,'2026-01-30 21:00:00',1,'2026-01-07 03:58:31'),(7471,'TKT-F6B0E6E3',3,18000.00,'2026-01-30 21:00:00',1,'2026-01-07 03:58:31'),(7472,'TKT-C5D10E13',3,18000.00,'2026-01-30 21:00:00',1,'2026-01-07 03:58:31'),(7473,'TKT-0BAC5E87',3,18000.00,'2026-01-30 21:00:00',1,'2026-01-07 03:58:31'),(7474,'TKT-8CBEFD9F',3,18000.00,'2026-01-30 21:00:00',1,'2026-01-07 03:58:31'),(7475,'TKT-8F67E166',3,18000.00,'2026-01-30 21:00:00',1,'2026-01-07 03:58:31'),(7476,'TKT-E256734E',3,18000.00,'2026-01-30 21:00:00',1,'2026-01-07 03:58:31'),(7477,'TKT-065F3E2C',3,18000.00,'2026-01-30 21:00:00',1,'2026-01-07 03:58:31'),(7478,'TKT-BBAD0FA7',3,18000.00,'2026-01-30 21:00:00',1,'2026-01-07 03:58:31'),(7479,'TKT-F302CB44',3,18000.00,'2026-01-30 21:00:00',1,'2026-01-07 03:58:31'),(7480,'TKT-B94AF063',3,18000.00,'2026-01-30 21:00:00',1,'2026-01-07 03:58:31'),(7481,'TKT-A35E4B87',3,18000.00,'2026-01-30 21:00:00',1,'2026-01-07 03:58:31'),(7482,'TKT-C7E8ABB5',3,18000.00,'2026-01-30 21:00:00',1,'2026-01-07 03:58:31'),(7483,'TKT-7C3301C3',3,18000.00,'2026-01-30 21:00:00',1,'2026-01-07 03:58:31'),(7484,'TKT-B02A6B6D',3,18000.00,'2026-01-30 21:00:00',1,'2026-01-07 03:58:31'),(7485,'TKT-12074731',3,18000.00,'2026-01-30 21:00:00',1,'2026-01-07 03:58:31'),(7486,'TKT-BCC2784F',3,18000.00,'2026-01-30 21:00:00',1,'2026-01-07 03:58:31'),(7487,'TKT-AE559846',3,18000.00,'2026-01-30 21:00:00',1,'2026-01-07 03:58:31'),(7488,'TKT-A8DE9BDB',3,18000.00,'2026-01-30 21:00:00',1,'2026-01-07 03:58:31'),(7489,'TKT-650EE1D0',3,18000.00,'2026-01-30 21:00:00',1,'2026-01-07 03:58:31'),(7490,'TKT-278157D4',3,18000.00,'2026-01-30 21:00:00',1,'2026-01-07 03:58:31'),(7491,'TKT-C966E93A',3,18000.00,'2026-01-30 21:00:00',1,'2026-01-07 03:58:31'),(7492,'TKT-418D0134',3,18000.00,'2026-01-30 21:00:00',1,'2026-01-07 03:58:31'),(7493,'TKT-BB288734',3,18000.00,'2026-01-30 21:00:00',1,'2026-01-07 03:58:31'),(7494,'TKT-20C996ED',3,18000.00,'2026-01-30 21:00:00',1,'2026-01-07 03:58:31'),(7495,'TKT-4F8E917F',3,18000.00,'2026-01-30 21:00:00',1,'2026-01-07 03:58:31'),(7496,'TKT-D26D2DFC',3,18000.00,'2026-01-30 21:00:00',1,'2026-01-07 03:58:32'),(7497,'TKT-8EF0EB5F',3,18000.00,'2026-01-30 21:00:00',1,'2026-01-07 03:58:32'),(7498,'TKT-063F55DF',3,18000.00,'2026-01-30 21:00:00',1,'2026-01-07 03:58:32'),(7499,'TKT-1668AA5E',3,18000.00,'2026-01-30 21:00:00',1,'2026-01-07 03:58:32'),(7500,'TKT-8D2F5F4C',3,18000.00,'2026-01-30 21:00:00',1,'2026-01-07 03:58:32'),(7501,'TKT-C850CB0D',3,18000.00,'2026-01-30 21:00:00',1,'2026-01-07 03:58:32'),(7502,'TKT-3EAC6F62',3,18000.00,'2026-01-30 21:00:00',1,'2026-01-07 03:58:32'),(7503,'TKT-FBE2E080',3,18000.00,'2026-01-30 21:00:00',1,'2026-01-07 03:58:32'),(7504,'TKT-783E2976',3,18000.00,'2026-01-30 21:00:00',1,'2026-01-07 03:58:32'),(7505,'TKT-8477CCB3',3,18000.00,'2026-01-30 21:00:00',1,'2026-01-07 03:58:32'),(7506,'TKT-97535103',3,18000.00,'2026-01-30 21:00:00',1,'2026-01-07 03:58:32'),(7507,'TKT-CF5FC592',3,18000.00,'2026-01-30 21:00:00',1,'2026-01-07 03:58:32'),(7508,'TKT-6E9A7140',3,18000.00,'2026-01-30 21:00:00',1,'2026-01-07 03:58:32'),(7509,'TKT-335D6C8D',3,18000.00,'2026-01-30 21:00:00',1,'2026-01-07 03:58:32'),(7510,'TKT-F1B145D1',3,18000.00,'2026-01-30 21:00:00',1,'2026-01-07 03:58:32'),(7511,'TKT-FD12AAF9',3,18000.00,'2026-01-30 21:00:00',1,'2026-01-07 03:58:32'),(7512,'TKT-961DF846',3,18000.00,'2026-01-30 21:00:00',1,'2026-01-07 03:58:32'),(7513,'TKT-06E04271',3,18000.00,'2026-01-30 21:00:00',1,'2026-01-07 03:58:32'),(7514,'TKT-FE3105F1',3,18000.00,'2026-01-30 21:00:00',1,'2026-01-07 03:58:32'),(7515,'TKT-64980C92',3,18000.00,'2026-01-30 21:00:00',1,'2026-01-07 03:58:32'),(7516,'TKT-797A5545',3,18000.00,'2026-01-30 21:00:00',1,'2026-01-07 03:58:32'),(7517,'TKT-CDCC3A64',3,18000.00,'2026-01-30 21:00:00',1,'2026-01-07 03:58:32'),(7518,'TKT-0F3830B2',3,18000.00,'2026-01-30 21:00:00',1,'2026-01-07 03:58:32'),(7519,'TKT-983FFBB3',3,18000.00,'2026-01-30 21:00:00',1,'2026-01-07 03:58:32'),(7520,'TKT-DD1ECD37',3,18000.00,'2026-01-30 21:00:00',1,'2026-01-07 03:58:32'),(7521,'TKT-7188A1CF',3,18000.00,'2026-01-30 21:00:00',1,'2026-01-07 03:58:32'),(7522,'TKT-124014A9',3,18000.00,'2026-01-30 21:00:00',1,'2026-01-07 03:58:32'),(7523,'TKT-78241130',3,18000.00,'2026-01-30 21:00:00',1,'2026-01-07 03:58:32'),(7524,'TKT-F7621FBC',3,18000.00,'2026-01-30 21:00:00',1,'2026-01-07 03:58:32'),(7525,'TKT-C83C4645',3,18000.00,'2026-01-30 21:00:00',1,'2026-01-07 03:58:32'),(7526,'TKT-ACE2B9B7',3,18000.00,'2026-01-30 21:00:00',1,'2026-01-07 03:58:32'),(7527,'TKT-2B9D72E8',3,18000.00,'2026-01-30 21:00:00',1,'2026-01-07 03:58:32'),(7528,'TKT-5C4621D0',3,18000.00,'2026-01-30 21:00:00',1,'2026-01-07 03:58:32'),(7529,'TKT-940C9629',3,18000.00,'2026-01-30 21:00:00',1,'2026-01-07 03:58:32'),(7530,'TKT-8E67AD5B',3,18000.00,'2026-01-30 21:00:00',1,'2026-01-07 03:58:32'),(7531,'TKT-79E677E2',3,18000.00,'2026-01-30 21:00:00',1,'2026-01-07 03:58:32'),(7532,'TKT-FE04F68E',3,18000.00,'2026-01-30 21:00:00',1,'2026-01-07 03:58:32'),(7533,'TKT-B85DC499',3,18000.00,'2026-01-30 21:00:00',1,'2026-01-07 03:58:32'),(7534,'TKT-20409A5C',3,18000.00,'2026-01-30 21:00:00',1,'2026-01-07 03:58:32'),(7535,'TKT-502F797E',3,18000.00,'2026-01-30 21:00:00',1,'2026-01-07 03:58:32'),(7536,'TKT-451F8235',3,18000.00,'2026-01-30 21:00:00',1,'2026-01-07 03:58:32'),(7537,'TKT-137F0AF0',3,18000.00,'2026-01-30 21:00:00',1,'2026-01-07 03:58:32'),(7538,'TKT-FF2A46FE',3,18000.00,'2026-01-30 21:00:00',1,'2026-01-07 03:58:32'),(7539,'TKT-342630AA',3,18000.00,'2026-01-30 21:00:00',1,'2026-01-07 03:58:32'),(7540,'TKT-5A0875A3',3,18000.00,'2026-01-30 21:00:00',1,'2026-01-07 03:58:32'),(7541,'TKT-CA753A36',3,18000.00,'2026-01-30 21:00:00',1,'2026-01-07 03:58:33'),(7542,'TKT-2F8985BF',3,18000.00,'2026-01-30 21:00:00',1,'2026-01-07 03:58:33'),(7543,'TKT-91027011',3,18000.00,'2026-01-30 21:00:00',1,'2026-01-07 03:58:33'),(7544,'TKT-FA3F5E8E',3,18000.00,'2026-01-30 21:00:00',1,'2026-01-07 03:58:33'),(7545,'TKT-65B7D610',3,18000.00,'2026-01-30 21:00:00',1,'2026-01-07 03:58:33'),(7546,'TKT-D30A05F9',3,18000.00,'2026-01-30 21:00:00',1,'2026-01-07 03:58:33'),(7547,'TKT-2AA9FC4B',3,18000.00,'2026-01-30 21:00:00',1,'2026-01-07 03:58:33'),(7548,'TKT-03B50C4C',3,18000.00,'2026-01-30 21:00:00',1,'2026-01-07 03:58:33'),(7549,'TKT-78A4A2F9',3,18000.00,'2026-01-30 21:00:00',1,'2026-01-07 03:58:33'),(7550,'TKT-D090E4F4',3,18000.00,'2026-01-30 21:00:00',1,'2026-01-07 03:58:33'),(7551,'TKT-7228C94F',3,18000.00,'2026-01-30 21:00:00',1,'2026-01-07 03:58:33'),(7552,'TKT-4FCFEFF6',3,18000.00,'2026-01-30 21:00:00',1,'2026-01-07 03:58:33'),(7553,'TKT-851AA388',3,18000.00,'2026-01-30 21:00:00',1,'2026-01-07 03:58:33'),(7554,'TKT-B5906F85',3,18000.00,'2026-01-30 21:00:00',1,'2026-01-07 03:58:33'),(7555,'TKT-61C8E771',3,18000.00,'2026-01-30 21:00:00',1,'2026-01-07 03:58:33'),(7556,'TKT-57F09D85',3,18000.00,'2026-01-30 21:00:00',1,'2026-01-07 03:58:33'),(7557,'TKT-90822831',3,18000.00,'2026-01-30 21:00:00',1,'2026-01-07 03:58:33'),(7558,'TKT-BC569881',3,18000.00,'2026-01-30 21:00:00',1,'2026-01-07 03:58:33'),(7559,'TKT-6752A15B',3,18000.00,'2026-01-30 21:00:00',1,'2026-01-07 03:58:33'),(7560,'TKT-BC67FED3',3,18000.00,'2026-01-30 21:00:00',1,'2026-01-07 03:58:33'),(7561,'TKT-E2C8D3CE',4,18000.00,'2026-01-30 21:00:00',1,'2026-01-07 03:58:33'),(7562,'TKT-1425932E',4,18000.00,'2026-01-30 21:00:00',1,'2026-01-07 03:58:33'),(7563,'TKT-0F42CA3A',4,18000.00,'2026-01-30 21:00:00',1,'2026-01-07 03:58:33'),(7564,'TKT-D930B57F',4,18000.00,'2026-01-30 21:00:00',1,'2026-01-07 03:58:33'),(7565,'TKT-F17E86E2',4,18000.00,'2026-01-30 21:00:00',1,'2026-01-07 03:58:33'),(7566,'TKT-E73702A8',4,18000.00,'2026-01-30 21:00:00',1,'2026-01-07 03:58:33'),(7567,'TKT-9D10DDED',4,18000.00,'2026-01-30 21:00:00',1,'2026-01-07 03:58:33'),(7568,'TKT-CC49D4F7',4,18000.00,'2026-01-30 21:00:00',1,'2026-01-07 03:58:33'),(7569,'TKT-4801C92B',4,18000.00,'2026-01-30 21:00:00',1,'2026-01-07 03:58:33'),(7570,'TKT-FE8B76AF',4,18000.00,'2026-01-30 21:00:00',1,'2026-01-07 03:58:33'),(7571,'TKT-D8254E62',4,18000.00,'2026-01-30 21:00:00',1,'2026-01-07 03:58:33'),(7572,'TKT-8DCA7108',4,18000.00,'2026-01-30 21:00:00',1,'2026-01-07 03:58:33'),(7573,'TKT-52B14CD8',4,18000.00,'2026-01-30 21:00:00',1,'2026-01-07 03:58:33'),(7574,'TKT-5C3E7240',4,18000.00,'2026-01-30 21:00:00',1,'2026-01-07 03:58:33'),(7575,'TKT-10D1E9A7',4,18000.00,'2026-01-30 21:00:00',1,'2026-01-07 03:58:33'),(7576,'TKT-A3396D94',4,18000.00,'2026-01-30 21:00:00',1,'2026-01-07 03:58:33'),(7577,'TKT-8B392829',4,18000.00,'2026-01-30 21:00:00',1,'2026-01-07 03:58:33'),(7578,'TKT-5F3AF08E',4,18000.00,'2026-01-30 21:00:00',1,'2026-01-07 03:58:33'),(7579,'TKT-3C54D4BE',4,18000.00,'2026-01-30 21:00:00',1,'2026-01-07 03:58:33'),(7580,'TKT-842AC00B',4,18000.00,'2026-01-30 21:00:00',1,'2026-01-07 03:58:33'),(7581,'TKT-6A24503A',4,18000.00,'2026-01-30 21:00:00',1,'2026-01-07 03:58:33'),(7582,'TKT-46A01429',4,18000.00,'2026-01-30 21:00:00',1,'2026-01-07 03:58:33'),(7583,'TKT-D264A5EA',4,18000.00,'2026-01-30 21:00:00',1,'2026-01-07 03:58:33'),(7584,'TKT-1D105426',4,18000.00,'2026-01-30 21:00:00',1,'2026-01-07 03:58:33'),(7585,'TKT-738F283C',4,18000.00,'2026-01-30 21:00:00',1,'2026-01-07 03:58:33'),(7586,'TKT-5CBDE0FB',4,18000.00,'2026-01-30 21:00:00',1,'2026-01-07 03:58:33'),(7587,'TKT-17606798',4,18000.00,'2026-01-30 21:00:00',1,'2026-01-07 03:58:33'),(7588,'TKT-49FB760F',4,18000.00,'2026-01-30 21:00:00',1,'2026-01-07 03:58:33'),(7589,'TKT-91DF2CB6',4,18000.00,'2026-01-30 21:00:00',1,'2026-01-07 03:58:33'),(7590,'TKT-E2CA0853',4,18000.00,'2026-01-30 21:00:00',1,'2026-01-07 03:58:33'),(7591,'TKT-280A56BB',4,18000.00,'2026-01-30 21:00:00',1,'2026-01-07 03:58:33'),(7592,'TKT-3B1E0806',4,18000.00,'2026-01-30 21:00:00',1,'2026-01-07 03:58:33'),(7593,'TKT-B5BFDFE5',4,18000.00,'2026-01-30 21:00:00',1,'2026-01-07 03:58:33'),(7594,'TKT-0CDBE943',4,18000.00,'2026-01-30 21:00:00',1,'2026-01-07 03:58:34'),(7595,'TKT-77AFB57D',4,18000.00,'2026-01-30 21:00:00',1,'2026-01-07 03:58:34'),(7596,'TKT-635CE6CA',4,18000.00,'2026-01-30 21:00:00',1,'2026-01-07 03:58:34'),(7597,'TKT-62DC4028',4,18000.00,'2026-01-30 21:00:00',1,'2026-01-07 03:58:34'),(7598,'TKT-338C0BE0',4,18000.00,'2026-01-30 21:00:00',1,'2026-01-07 03:58:34'),(7599,'TKT-542E67B0',4,18000.00,'2026-01-30 21:00:00',1,'2026-01-07 03:58:34'),(7600,'TKT-2549F984',4,18000.00,'2026-01-30 21:00:00',1,'2026-01-07 03:58:34'),(7601,'TKT-AD6E66BE',4,18000.00,'2026-01-30 21:00:00',1,'2026-01-07 03:58:34'),(7602,'TKT-FE32F199',4,18000.00,'2026-01-30 21:00:00',1,'2026-01-07 03:58:34'),(7603,'TKT-2591D749',4,18000.00,'2026-01-30 21:00:00',1,'2026-01-07 03:58:34'),(7604,'TKT-DCE44A32',4,18000.00,'2026-01-30 21:00:00',1,'2026-01-07 03:58:34'),(7605,'TKT-50A623A4',4,18000.00,'2026-01-30 21:00:00',1,'2026-01-07 03:58:34'),(7606,'TKT-2C134C82',4,18000.00,'2026-01-30 21:00:00',1,'2026-01-07 03:58:34'),(7607,'TKT-56E877F2',4,18000.00,'2026-01-30 21:00:00',1,'2026-01-07 03:58:34'),(7608,'TKT-6DFBDDF0',4,18000.00,'2026-01-30 21:00:00',1,'2026-01-07 03:58:34'),(7609,'TKT-300B905E',4,18000.00,'2026-01-30 21:00:00',1,'2026-01-07 03:58:34'),(7610,'TKT-97908CD6',4,18000.00,'2026-01-30 21:00:00',1,'2026-01-07 03:58:34'),(7611,'TKT-296F8B56',4,18000.00,'2026-01-30 21:00:00',1,'2026-01-07 03:58:34'),(7612,'TKT-E9FF9D00',4,18000.00,'2026-01-30 21:00:00',1,'2026-01-07 03:58:34'),(7613,'TKT-52A903CC',4,18000.00,'2026-01-30 21:00:00',1,'2026-01-07 03:58:34'),(7614,'TKT-1C6812F0',4,18000.00,'2026-01-30 21:00:00',1,'2026-01-07 03:58:34'),(7615,'TKT-BCEFE4EB',4,18000.00,'2026-01-30 21:00:00',1,'2026-01-07 03:58:34'),(7616,'TKT-13D5BD9F',4,18000.00,'2026-01-30 21:00:00',1,'2026-01-07 03:58:34'),(7617,'TKT-38E41FB0',4,18000.00,'2026-01-30 21:00:00',1,'2026-01-07 03:58:34'),(7618,'TKT-8A552B9E',4,18000.00,'2026-01-30 21:00:00',1,'2026-01-07 03:58:34'),(7619,'TKT-92512C83',4,18000.00,'2026-01-30 21:00:00',1,'2026-01-07 03:58:34'),(7620,'TKT-2F3266AC',4,18000.00,'2026-01-30 21:00:00',1,'2026-01-07 03:58:34'),(7621,'TKT-C0EE4334',4,18000.00,'2026-01-30 21:00:00',1,'2026-01-07 03:58:34'),(7622,'TKT-7B92FA91',4,18000.00,'2026-01-30 21:00:00',1,'2026-01-07 03:58:34'),(7623,'TKT-10B39EFE',4,18000.00,'2026-01-30 21:00:00',1,'2026-01-07 03:58:34'),(7624,'TKT-1368261C',4,18000.00,'2026-01-30 21:00:00',1,'2026-01-07 03:58:34'),(7625,'TKT-AD1DD4B8',4,18000.00,'2026-01-30 21:00:00',1,'2026-01-07 03:58:34'),(7626,'TKT-E3AA3606',4,18000.00,'2026-01-30 21:00:00',1,'2026-01-07 03:58:34'),(7627,'TKT-80B3C77C',4,18000.00,'2026-01-30 21:00:00',1,'2026-01-07 03:58:34'),(7628,'TKT-A4EBEBC2',4,18000.00,'2026-01-30 21:00:00',1,'2026-01-07 03:58:34'),(7629,'TKT-2917CE0E',4,18000.00,'2026-01-30 21:00:00',1,'2026-01-07 03:58:34'),(7630,'TKT-0EB06986',4,18000.00,'2026-01-30 21:00:00',1,'2026-01-07 03:58:34'),(7631,'TKT-746862EE',4,18000.00,'2026-01-30 21:00:00',1,'2026-01-07 03:58:34'),(7632,'TKT-E2ECE05E',4,18000.00,'2026-01-30 21:00:00',1,'2026-01-07 03:58:34'),(7633,'TKT-F7E40497',4,18000.00,'2026-01-30 21:00:00',1,'2026-01-07 03:58:34'),(7634,'TKT-B18BF7BE',4,18000.00,'2026-01-30 21:00:00',1,'2026-01-07 03:58:34'),(7635,'TKT-E0F3C3F0',4,18000.00,'2026-01-30 21:00:00',1,'2026-01-07 03:58:34'),(7636,'TKT-8B134FFE',4,18000.00,'2026-01-30 21:00:00',1,'2026-01-07 03:58:34'),(7637,'TKT-65D8DDD8',4,18000.00,'2026-01-30 21:00:00',1,'2026-01-07 03:58:34'),(7638,'TKT-29E0C4DF',4,18000.00,'2026-01-30 21:00:00',1,'2026-01-07 03:58:34'),(7639,'TKT-D962C3BF',4,18000.00,'2026-01-30 21:00:00',1,'2026-01-07 03:58:34'),(7640,'TKT-807A8340',4,18000.00,'2026-01-30 21:00:00',1,'2026-01-07 03:58:34'),(7641,'TKT-6B4FDC9C',4,18000.00,'2026-01-30 21:00:00',1,'2026-01-07 03:58:34'),(7642,'TKT-73E49E58',4,18000.00,'2026-01-30 21:00:00',1,'2026-01-07 03:58:34'),(7643,'TKT-DB7A855B',4,18000.00,'2026-01-30 21:00:00',1,'2026-01-07 03:58:34'),(7644,'TKT-3587E8E5',4,18000.00,'2026-01-30 21:00:00',1,'2026-01-07 03:58:35'),(7645,'TKT-3636CAC9',4,18000.00,'2026-01-30 21:00:00',1,'2026-01-07 03:58:35'),(7646,'TKT-68225136',4,18000.00,'2026-01-30 21:00:00',1,'2026-01-07 03:58:35'),(7647,'TKT-7A11B597',4,18000.00,'2026-01-30 21:00:00',1,'2026-01-07 03:58:35'),(7648,'TKT-71BE4D31',4,18000.00,'2026-01-30 21:00:00',1,'2026-01-07 03:58:35'),(7649,'TKT-E254DB12',4,18000.00,'2026-01-30 21:00:00',1,'2026-01-07 03:58:35'),(7650,'TKT-C2B2AC50',4,18000.00,'2026-01-30 21:00:00',1,'2026-01-07 03:58:35'),(7651,'TKT-89021049',4,18000.00,'2026-01-30 21:00:00',1,'2026-01-07 03:58:35'),(7652,'TKT-ECD48B3E',4,18000.00,'2026-01-30 21:00:00',1,'2026-01-07 03:58:35'),(7653,'TKT-FBD54147',4,18000.00,'2026-01-30 21:00:00',1,'2026-01-07 03:58:35'),(7654,'TKT-8F5C0C3C',4,18000.00,'2026-01-30 21:00:00',1,'2026-01-07 03:58:35'),(7655,'TKT-0B0D1819',4,18000.00,'2026-01-30 21:00:00',1,'2026-01-07 03:58:35'),(7656,'TKT-29B65613',4,18000.00,'2026-01-30 21:00:00',1,'2026-01-07 03:58:35'),(7657,'TKT-D4FCCCEE',4,18000.00,'2026-01-30 21:00:00',1,'2026-01-07 03:58:35'),(7658,'TKT-167B9914',4,18000.00,'2026-01-30 21:00:00',1,'2026-01-07 03:58:35'),(7659,'TKT-D8049D7E',4,18000.00,'2026-01-30 21:00:00',1,'2026-01-07 03:58:35'),(7660,'TKT-649DC0A9',4,18000.00,'2026-01-30 21:00:00',1,'2026-01-07 03:58:35');
/*!40000 ALTER TABLE `tickets` ENABLE KEYS */;
UNLOCK TABLES;

--
-- Table structure for table `users`
--

DROP TABLE IF EXISTS `users`;
/*!40101 SET @saved_cs_client     = @@character_set_client */;
/*!50503 SET character_set_client = utf8mb4 */;
CREATE TABLE `users` (
  `id` bigint NOT NULL AUTO_INCREMENT,
  `name` varchar(100) CHARACTER SET utf8mb4 COLLATE utf8mb4_unicode_ci NOT NULL,
  `last_name` varchar(100) CHARACTER SET utf8mb4 COLLATE utf8mb4_unicode_ci NOT NULL,
  `email` varchar(150) CHARACTER SET utf8mb4 COLLATE utf8mb4_unicode_ci NOT NULL,
  `password` varchar(255) CHARACTER SET utf8mb4 COLLATE utf8mb4_unicode_ci NOT NULL,
  `role` enum('admin','user') CHARACTER SET utf8mb4 COLLATE utf8mb4_unicode_ci DEFAULT 'user',
  `dni` bigint DEFAULT NULL,
  `created_at` timestamp NULL DEFAULT CURRENT_TIMESTAMP,
  `updated_at` timestamp NULL DEFAULT CURRENT_TIMESTAMP ON UPDATE CURRENT_TIMESTAMP,
  `enabled` bit(1) NOT NULL,
  PRIMARY KEY (`id`),
  UNIQUE KEY `email` (`email`),
  UNIQUE KEY `dni` (`dni`),
  KEY `idx_users_email` (`email`)
) ENGINE=InnoDB AUTO_INCREMENT=23 DEFAULT CHARSET=utf8mb4 COLLATE=utf8mb4_unicode_ci;
/*!40101 SET character_set_client = @saved_cs_client */;

--
-- Dumping data for table `users`
--

LOCK TABLES `users` WRITE;
/*!40000 ALTER TABLE `users` DISABLE KEYS */;
INSERT INTO `users` VALUES (1,'Administrador','Sistema','admin@mundopirata.com','$2a$10$Hfzkqv.9mHW.1fmiDNVwTu5BAh7YoDcmg1W6q2YuMFq3NOTFNUYJO','admin',12345678,'2025-06-12 03:48:03','2025-06-12 10:31:09',_binary '\0'),(2,'Juan','Perez','juan.perez@email.com','$2b$10$K5o5k5Z5Z5Z5Z5Z5Z5Z5ZO5Z5Z5Z5Z5Z5Z5Z5Z5Z5Z5Z5Z5Z5Z5Z5Z5Z5','admin',132456665,'2025-06-12 03:48:03','2025-06-27 23:15:49',_binary '\0'),(3,'María Elena','González','maria.gonzalez@email.com','$2b$10$K5o5k5Z5Z5Z5Z5Z5Z5Z5ZO5Z5Z5Z5Z5Z5Z5Z5Z5Z5Z5Z5Z5Z5Z5Z5Z5Z5','user',34567890,'2025-06-12 03:48:03','2025-06-12 03:48:03',_binary '\0'),(4,'Roberto Carlos','Rodríguez','roberto.rodriguez@email.com','$2b$10$K5o5k5Z5Z5Z5Z5Z5Z5Z5ZO5Z5Z5Z5Z5Z5Z5Z5Z5Z5Z5Z5Z5Z5Z5Z5Z5Z5','user',45678901,'2025-06-12 03:48:03','2025-06-12 03:48:03',_binary '\0'),(5,'Ana Sofía','Martínez','ana.martinez@email.com','$2b$10$K5o5k5Z5Z5Z5Z5Z5Z5Z5ZO5Z5Z5Z5Z5Z5Z5Z5Z5Z5Z5Z5Z5Z5Z5Z5Z5Z5','user',56789012,'2025-06-12 03:48:03','2025-06-12 03:48:03',_binary '\0'),(9,'Facundo Andrés','Menzi','facumenzi@gmail.com','$2a$10$I5InNCy/0ds5ZBbrIeVZIOuiiGyAMqITic15RaA3clzzrw7O7/FMG','admin',45242391,'2025-06-21 01:10:08','2025-06-24 23:55:02',_binary '\0'),(10,'Guillermina','Garnier','guille@gmail.com','$2a$10$XfU3hEzDuzYFBMUixJ3FTuPObuNew57OaB5JIiT9/54S2AOMiAYma','admin',46707970,'2025-06-25 03:34:33','2025-06-25 03:34:33',_binary '\0'),(11,'Victoria','Menzi','vikimenzi21@gmail.com','$2a$10$Mg.r8ZZet2A90Idv/LadtumkZlf9M9bOLPMvjHSkg2dMvvydgK5r.','user',NULL,'2025-06-27 21:07:42','2025-06-27 21:07:42',_binary '\0'),(12,'Eugenia','Agusti','segurosagusti@gmail.com','$2a$10$OtrNMEI63WLdAP4vg7z.uOwS/fgK4il/HsvHJi2ND4WoCitnncG1i','user',NULL,'2025-06-27 21:09:38','2025-06-27 21:09:38',_binary '\0'),(13,'Luis','Menzi','luishmenzi@gmail.com','$2a$10$jq.Z4SwCqiGPqbDWJgUiSeNyeAW1klur5OqMVsUHq.TUfFKvBwN2S','user',NULL,'2025-06-27 21:12:47','2025-06-27 21:12:47',_binary '\0'),(14,'Edgar','Pedraza','edgaralbertopedraza@gmail.com','$2a$10$nxSe.56jZPP8bOfaNkf1SeK90BuO3uTF70nesznTrRBNgT/WRFqGG','user',NULL,'2025-06-27 23:46:49','2025-06-27 23:46:49',_binary '\0'),(15,'Guillermina','Garnier','guillermina.garnier2006@gmail.com','$2a$10$LK9SdBfqEol.2ko2h0CGN.DV0GTBT00y/w.NlRXT5L8If7ou2XUIy','admin',NULL,'2025-06-28 19:42:01','2025-06-28 19:46:52',_binary '\0'),(16,'Tadeo','Parisato','tadeoparisato@gmail.com','$2a$10$Jf3UrecGHWHnm2WkZaFcXeVC0vkdaBwlh3IWJkHo2uLGDc1M7zirW','admin',NULL,'2025-07-18 01:52:15','2025-07-18 01:55:09',_binary '\0'),(18,'Tomas ','Benzi','tomibenza321@gmail.com','$2a$10$lSmbQPvC8Pf4RhEXPCwvaeogaaujywXvY1AD1a.tgQU4ZPsl9JDUS','user',NULL,'2025-12-01 22:57:28','2025-12-01 22:57:28',_binary ''),(19,'Joaquin','Mellibosky','joaquinm.utn@gmail.com','$2a$10$5/eulbmEj5Bv2HQwi5QMw.3Z5fl9/KQoUh7lw.3t8c455gO6Szmk6','user',NULL,'2025-12-06 00:01:14','2025-12-06 00:01:14',_binary ''),(20,'Tadeo','Parisato','test-tadeo@mail.com','$2a$10$U1y2Lqv61fbJo9TJeoND0eSso1FbCV4DC/0kqmY8HIosyvZhLUs0.','user',NULL,'2026-01-07 04:08:17','2026-01-07 04:08:17',_binary ''),(21,'Tadeo','PARISATOOOO','tadeoparisato2@gmail.com','$2a$10$Jy7wbuXVDcCwioOt2IQDoeBVVD09yHz5iwTxI20HPxEAvyZvoFlTW','user',NULL,'2026-01-07 04:11:03','2026-01-07 04:11:03',_binary ''),(22,'Tadeus','Pariasto','tadeopasrsi@gmail.com','$2a$10$NF.NEBYLMquJjG43Qj5yhO3DVvuyKCmLObD1Bm0sNxaHICKGk1hB.','user',NULL,'2026-01-07 04:15:01','2026-01-07 04:15:01',_binary '');
/*!40000 ALTER TABLE `users` ENABLE KEYS */;
UNLOCK TABLES;
/*!40103 SET TIME_ZONE=@OLD_TIME_ZONE */;

/*!40101 SET SQL_MODE=@OLD_SQL_MODE */;
/*!40014 SET FOREIGN_KEY_CHECKS=@OLD_FOREIGN_KEY_CHECKS */;
/*!40014 SET UNIQUE_CHECKS=@OLD_UNIQUE_CHECKS */;
/*!40101 SET CHARACTER_SET_CLIENT=@OLD_CHARACTER_SET_CLIENT */;
/*!40101 SET CHARACTER_SET_RESULTS=@OLD_CHARACTER_SET_RESULTS */;
/*!40101 SET COLLATION_CONNECTION=@OLD_COLLATION_CONNECTION */;
/*!40111 SET SQL_NOTES=@OLD_SQL_NOTES */;

-- Dump completed on 2026-01-07  1:47:49
